4628684863,Sinclare Sollitt,ssollitt0@usatoday.com,790-132-9742
3085942696,Bing Leedal,bleedal1@cyberchimps.com,591-231-1376
751050067,Danette Klimaszewski,dklimaszewski2@archive.org,413-193-2286
595210880,Ernesta Maxwaile,emaxwaile3@patch.com,149-401-9142
2322935778,Delmer Pinshon,dpinshon4@berkeley.edu,177-918-6495
3714537503,Skipton Poyzer,spoyzer5@facebook.com,876-172-7327
7454929508,Celle Laird-Craig,clairdcraig6@ox.ac.uk,752-242-3117
8882899861,Jerrylee Benoix,jbenoix7@seesaa.net,286-675-0751
5949254414,Pete McCard,pmccard8@goo.gl,516-740-2125
7304255870,Patsy Reeve,preeve9@dmoz.org,313-447-6633
9392497318,Harmonie Frarey,hfrareya@bing.com,729-292-4385
2768640247,Foss Helleker,fhellekerb@diigo.com,801-925-4288
781017238,Shina Butterwick,sbutterwickc@gnu.org,274-877-3209
5859028113,Vassily Aberdeen,vaberdeend@tripadvisor.com,775-444-7468
3382284863,Sabina Heijnen,sheijnene@shutterfly.com,574-564-8301
5264058148,Sande Thurman,sthurmanf@jalbum.net,850-257-7283
3870812389,Nicholle Rushbrooke,nrushbrookeg@ed.gov,859-626-8418
5656967905,Shellie Spelwood,sspelwoodh@deviantart.com,938-860-2026
5641530832,Kiersten Martineau,kmartineaui@bluehost.com,222-208-5466
6826224593,Jacqui Mallall,jmallallj@nationalgeographic.com,759-778-6826
7272924748,Donnie Jouhan,djouhank@columbia.edu,183-722-4404
3330432640,Karna Jewsbury,kjewsburyl@miitbeian.gov.cn,644-630-6154
3999056592,Adam McReath,amcreathm@squarespace.com,308-441-7695
5840547948,Avril Doohan,adoohann@buzzfeed.com,254-763-1867
6563281850,Pavia Elsey,pelseyo@hhs.gov,923-758-2397
1724646877,Culver Watling,cwatlingp@live.com,245-784-1851
9955177136,Wiatt Woodlands,wwoodlandsq@trellian.com,887-764-2032
936891408,Prentice Spellsworth,pspellsworthr@over-blog.com,203-522-5871
8546290024,Neal Carles,ncarless@symantec.com,898-707-5292
2227155604,Cassandre Priddy,cpriddyt@ameblo.jp,312-479-1471
4706167892,Genovera Grishukov,ggrishukovu@wufoo.com,329-839-9733
1688129049,Emera Scallan,escallanv@hexun.com,194-730-5892
8278748705,Germana Gelly,ggellyw@xing.com,766-990-3320
7427148983,Heriberto Camsey,hcamseyx@addthis.com,476-956-7795
6957627543,Corenda Hars,charsy@usa.gov,636-586-9120
7292278353,Marney Meace,mmeacez@odnoklassniki.ru,882-511-4070
1520466854,Cristi Hauxwell,chauxwell10@blinklist.com,341-459-2346
5288019630,Francoise Crabtree,fcrabtree11@google.com.au,518-551-1900
1928884881,Lyndsay Jacquet,ljacquet12@people.com.cn,169-972-4585
2377655777,Janet Copas,jcopas13@lulu.com,203-905-6483
5575782433,Renee Belhome,rbelhome14@photobucket.com,313-359-9059
3566974552,Codee Lebbern,clebbern15@wikia.com,138-311-6378
4814286201,Meryl Brend,mbrend16@google.ca,135-590-8277
4052794508,Gillian Granham,ggranham17@etsy.com,401-756-1990
4029553419,Graeme Staples,gstaples18@auda.org.au,714-777-3639
2761457781,Helyn Trent,htrent19@clickbank.net,573-103-3681
156008459,Reta Magister,rmagister1a@reference.com,290-202-9178
573687609,Kim Smedmore,ksmedmore1b@ucsd.edu,593-538-7593
2080668870,Nessa Schankelborg,nschankelborg1c@virginia.edu,216-402-4524
4355973093,Rebe Sproat,rsproat1d@guardian.co.uk,648-998-0122
4840064237,Lona Eager,leager1e@alibaba.com,861-132-5698
6344597518,Nancy Benian,nbenian1f@google.com,608-624-6682
4886025803,Lyle Tarquinio,ltarquinio1g@hexun.com,836-877-6879
7895538578,Roselle Blades,rblades1h@yale.edu,937-310-0988
2087893780,Arman Miliffe,amiliffe1i@addthis.com,791-369-4128
7170219069,Merissa Ferroli,mferroli1j@goo.gl,368-758-9436
5576692004,Tory Glanister,tglanister1k@vimeo.com,747-585-4447
8664892458,Jose Sommerscales,jsommerscales1l@archive.org,350-926-0088
601463439,Jobi Featenby,jfeatenby1m@go.com,951-548-5316
6008206037,Kalina Stive,kstive1n@about.me,950-807-5808
7390829699,Sonnnie Gonnel,sgonnel1o@dagondesign.com,999-933-8025
8494670492,Janos Halifax,jhalifax1p@netscape.com,236-637-6249
2064979883,Jayme Bothams,jbothams1q@artisteer.com,548-943-9107
6741351310,Donavon Ciottoi,dciottoi1r@free.fr,975-397-6859
7623234897,Carey MacFadden,cmacfadden1s@wsj.com,588-417-2162
4954494877,Yard Paler,ypaler1t@google.cn,285-265-7434
3982110149,Adela Amort,aamort1u@clickbank.net,335-951-3179
8493516236,Nonna Trusler,ntrusler1v@google.com,441-361-4473
7305778133,Hammad Abrahams,habrahams1w@meetup.com,850-722-3718
4408065064,Jacquenetta Meritt,jmeritt1x@rediff.com,634-805-1462
3991060132,Elliott Jansey,ejansey1y@buzzfeed.com,674-111-7400
9025846637,Beltran Klempke,bklempke1z@sphinn.com,787-110-2820
7886795474,Jermaine Britzius,jbritzius20@studiopress.com,820-809-5074
1627905367,Cordey McPaik,cmcpaik21@theglobeandmail.com,573-165-6619
3056597552,Marigold Marden,mmarden22@redcross.org,637-241-9764
1274101433,Maitilde Glazyer,mglazyer23@scientificamerican.com,204-868-6976
1950608727,Clyve Dulin,cdulin24@zdnet.com,301-704-0955
4903158934,Fawn Valasek,fvalasek25@topsy.com,770-217-1295
7917591786,Edlin Winckle,ewinckle26@topsy.com,806-588-3732
1026776856,Lisetta McSperrin,lmcsperrin27@zimbio.com,265-693-1455
8342854353,Jeremie Kiehl,jkiehl28@google.fr,669-942-3935
9159677058,Ermin Pheasant,epheasant29@independent.co.uk,910-773-8282
4544752639,Maxy Cleminson,mcleminson2a@scientificamerican.com,580-594-3383
5685582064,Bunni Abels,babels2b@cbslocal.com,467-954-8844
1407037056,Rani Fesby,rfesby2c@shutterfly.com,963-277-3010
5654642391,Lazaro Forte,lforte2d@lulu.com,436-366-0181
1634745841,Franciskus Loosemore,floosemore2e@xing.com,149-833-1822
2418115895,Kathryn Merwede,kmerwede2f@cnn.com,207-261-5206
7509517753,Chancey Benedicto,cbenedicto2g@hugedomains.com,871-170-7269
2006367838,Hamid Tremmil,htremmil2h@yahoo.com,300-336-4260
5438205051,Pooh Rickarsey,prickarsey2i@blogs.com,812-183-3124
7498123908,Kane O'Lennane,kolennane2j@slideshare.net,131-847-5930
2232926133,Cinnamon Pavlovsky,cpavlovsky2k@google.fr,781-374-6310
1921075066,Baxter McCurdy,bmccurdy2l@cpanel.net,843-437-2090
2809580421,Kylila Aleksandrov,kaleksandrov2m@jiathis.com,597-513-3711
6295211844,Cherilyn A'Barrow,cabarrow2n@soundcloud.com,721-282-1753
8875268371,Cristal Camilli,ccamilli2o@ox.ac.uk,972-246-5414
5861951977,Katti Blew,kblew2p@nationalgeographic.com,840-134-8899
4247858521,Fowler Andreas,fandreas2q@dropbox.com,531-897-2691
3715957689,Marcellina McAndrew,mmcandrew2r@netlog.com,372-763-6493
3689337542,Sam Venart,svenart2s@thetimes.co.uk,448-783-6548
1535097086,Ranice Wiz,rwiz2t@psu.edu,835-530-5223
7257391831,Stacy Labbati,slabbati2u@1688.com,998-232-7623
6353873395,Shir Belfitt,sbelfitt2v@soundcloud.com,218-346-1501
1301699632,Tim Goddard,tgoddard2w@pcworld.com,674-811-8940
8364271059,Lianne Stanney,lstanney2x@java.com,180-827-2957
3613554143,Cindelyn Wasmuth,cwasmuth2y@washington.edu,508-588-0703
8893164175,Chantalle Beebee,cbeebee2z@zimbio.com,941-398-2319
903149869,Evaleen Godfery,egodfery30@amazon.co.jp,941-663-9339
2880883210,Vicky Matuszak,vmatuszak31@woothemes.com,667-528-0324
9558145653,Itch Gayler,igayler32@i2i.jp,201-353-5663
7060489908,Lynnell Fetherstonhaugh,lfetherstonhaugh33@bluehost.com,955-576-0687
9332979650,Augustine Hold,ahold34@hugedomains.com,499-635-3506
2976844186,Cyb Curley,ccurley35@weibo.com,449-919-8133
7155836214,Shelly Lambole,slambole36@ovh.net,379-913-1684
5671159407,Ivory Gentner,igentner37@marriott.com,586-570-4511
1187405175,Rebekkah Izhak,rizhak38@bloglovin.com,761-577-9157
8102095466,Cary Torresi,ctorresi39@addtoany.com,676-416-2806
88168441,Jesse Kopta,jkopta3a@acquirethisname.com,916-281-5739
8131831507,Clotilda Pitceathly,cpitceathly3b@independent.co.uk,658-591-3945
72149337,Flossy Carcass,fcarcass3c@google.co.uk,765-190-3511
3254009266,Teddi MacTrustrie,tmactrustrie3d@google.com.au,975-301-0580
3328953701,Conway Mallard,cmallard3e@cbslocal.com,881-248-5641
4271819786,Beulah Dubock,bdubock3f@fastcompany.com,420-150-2233
6940492542,Michel Comsty,mcomsty3g@nytimes.com,845-344-5974
2273131526,Shawn Rathmell,srathmell3h@bloglines.com,115-189-3717
7702918020,Jerry Chiplen,jchiplen3i@shutterfly.com,544-269-2602
9855682149,Fara Dennett,fdennett3j@howstuffworks.com,172-162-3540
2763777082,Clara Yoodall,cyoodall3k@homestead.com,135-581-9362
2932397605,Rafferty Franies,rfranies3l@studiopress.com,235-174-2436
6755154342,Felike Charley,fcharley3m@youku.com,684-693-4716
7824165787,Druci Facey,dfacey3n@hatena.ne.jp,289-459-9285
4152794437,Aldis Blakiston,ablakiston3o@constantcontact.com,391-116-7744
6593560006,Abba Sooper,asooper3p@flickr.com,256-192-7583
8375445657,Bambi Fortey,bfortey3q@china.com.cn,710-645-2428
3582677842,Justine Dayne,jdayne3r@state.tx.us,855-466-5606
7448429027,Justin Jancy,jjancy3s@twitter.com,887-537-5109
2151521184,Dulcie Hartrick,dhartrick3t@merriam-webster.com,891-875-1603
2532191783,Alica Whitford,awhitford3u@nsw.gov.au,518-684-1220
5431438611,Sheila-kathryn Gaunson,sgaunson3v@columbia.edu,150-416-4021
4670126520,Larisa Fargher,lfargher3w@domainmarket.com,571-257-2926
6578078487,Guinna Nowakowski,gnowakowski3x@blogger.com,866-479-7456
1888703660,Jefferson Pieper,jpieper3y@comcast.net,609-602-9664
7353002328,Nate Oleshunin,noleshunin3z@instagram.com,923-340-4452
3935429940,Chelsea Rosendahl,crosendahl40@symantec.com,573-760-7838
4514339849,Max Allans,mallans41@bandcamp.com,925-837-7618
8693823531,Berk Gadie,bgadie42@deliciousdays.com,775-290-7157
1106189035,Pat Stuttard,pstuttard43@patch.com,772-766-8323
9472943039,Linn Pridding,lpridding44@biglobe.ne.jp,900-258-5550
3386180191,Marysa Ruppele,mruppele45@foxnews.com,245-691-6711
2835651179,Orland Rodden,orodden46@mozilla.com,763-378-9460
8777944682,Rory Bray,rbray47@google.it,646-537-5390
7656814698,Saundra Origan,sorigan48@nhs.uk,126-402-6542
9795482793,Robinia Formigli,rformigli49@timesonline.co.uk,259-998-6397
3421568995,Gabrila Jakubovitch,gjakubovitch4a@hexun.com,766-161-8511
6961107605,Mimi Handman,mhandman4b@wufoo.com,153-227-4177
2940032351,Caitrin Domoney,cdomoney4c@joomla.org,811-961-2382
3331034428,Maryjane Stothard,mstothard4d@barnesandnoble.com,920-278-5306
8069269472,Cris Hubbucks,chubbucks4e@alexa.com,444-433-5815
6200327122,Kiele Badcock,kbadcock4f@salon.com,663-120-6423
9665696521,Sampson Fitchell,sfitchell4g@opera.com,337-982-8348
282114181,Judye Sturridge,jsturridge4h@bandcamp.com,752-107-8844
8139993735,Hort Sliney,hsliney4i@chronoengine.com,298-738-8578
9050263348,Katina Ollander,kollander4j@smugmug.com,434-108-0813
3178503366,Iver Gaines,igaines4k@qq.com,629-969-0543
4442526044,Zena Leworthy,zleworthy4l@sciencedaily.com,525-230-6224
6026788786,Arline Twelve,atwelve4m@cisco.com,661-188-2757
6682914601,Mariellen Heinke,mheinke4n@geocities.jp,975-423-7487
5942644837,Berne Debell,bdebell4o@g.co,114-686-4687
8582502311,Carr Yakovich,cyakovich4p@nationalgeographic.com,340-175-4390
3535490286,Giulietta Piddington,gpiddington4q@mit.edu,328-492-9646
6680315603,Cointon Newlands,cnewlands4r@plala.or.jp,250-304-5841
2413159185,Ansel Smy,asmy4s@hostgator.com,952-808-2040
8963396983,Seward Densumbe,sdensumbe4t@businessweek.com,477-424-3973
4271423017,Cristobal Brabham,cbrabham4u@sohu.com,984-200-3306
9111529903,Mathian Clyma,mclyma4v@columbia.edu,789-736-8661
5725863409,Dulciana Van der Hoeven,dvan4w@shinystat.com,597-280-0697
528264249,Rosella Vittle,rvittle4x@cornell.edu,633-923-2587
5453902124,Thaxter Divver,tdivver4y@privacy.gov.au,882-147-2494
6141916465,Catherine Folkard,cfolkard4z@odnoklassniki.ru,590-971-4822
8659655125,Merilee Curnock,mcurnock50@rediff.com,193-515-0107
5156807844,Gerhardine Sellstrom,gsellstrom51@hhs.gov,114-118-9842
8443894016,Dicky Gosnay,dgosnay52@tripadvisor.com,743-276-1315
4086810581,Lotty Rawling,lrawling53@ibm.com,343-888-5615
6435611440,Suzanna Wisden,swisden54@indiatimes.com,914-315-7796
9040994900,Maximilien Caird,mcaird55@stumbleupon.com,956-797-0321
2979327433,Marilee McKiddin,mmckiddin56@xing.com,924-551-7046
768946573,Tally Blaiklock,tblaiklock57@arizona.edu,620-771-2043
3700199031,Lin Heeps,lheeps58@github.com,241-640-6705
4141517542,Ikey Gummory,igummory59@squidoo.com,708-239-6537
9227101020,Edan McDuall,emcduall5a@theatlantic.com,726-216-5288
9959350010,Templeton Byers,tbyers5b@house.gov,784-148-2541
7378125466,Robina Mallison,rmallison5c@baidu.com,295-542-7385
206471394,Kris Hayes,khayes5d@4shared.com,250-655-0467
3981050525,Ann-marie Mewha,amewha5e@hibu.com,464-208-9218
9382102248,Romona Oldknow,roldknow5f@discovery.com,192-522-8632
6555065737,Kippy Keizman,kkeizman5g@illinois.edu,609-147-9276
946010579,Skylar MacWhirter,smacwhirter5h@hexun.com,626-880-1730
4135761445,Karlene Wolford,kwolford5i@jigsy.com,685-305-9088
2149873974,Lorettalorna Maccree,lmaccree5j@reference.com,336-933-7488
7896623293,Chen Leivesley,cleivesley5k@google.pl,946-837-1919
586674438,Jamal Morson,jmorson5l@photobucket.com,901-734-1056
8448222067,Alanson Lipsett,alipsett5m@umn.edu,275-127-8785
5358080384,Velma Carrell,vcarrell5n@nps.gov,819-208-2045
6361266591,Dael Waterhouse,dwaterhouse5o@ameblo.jp,617-286-3106
6427047671,Lorena Blenkin,lblenkin5p@reuters.com,918-644-7677
4372900732,Bobby Matthewman,bmatthewman5q@freewebs.com,435-230-9148
6162335836,Kincaid Zannolli,kzannolli5r@google.com.br,671-104-8860
3239087820,Winthrop Joannic,wjoannic5s@yelp.com,268-110-6174
7712870551,Basile Gheorghescu,bgheorghescu5t@myspace.com,680-762-6311
9145594627,Eliza Cregg,ecregg5u@bloglines.com,661-822-7014
328619264,Ardith Tarbert,atarbert5v@google.co.jp,523-997-6882
7417109195,Filmore Veck,fveck5w@globo.com,266-990-5762
8731351190,Golda Loveless,gloveless5x@zimbio.com,997-793-6276
4452823106,Terri Greydon,tgreydon5y@live.com,880-546-5492
7634287865,Darbie Wolvey,dwolvey5z@dion.ne.jp,369-392-3161
8445148184,Sharleen Luberto,sluberto60@trellian.com,398-809-2631
7623922939,Ethelbert Hearnah,ehearnah61@google.cn,629-325-0258
4623677990,Orsola Batiste,obatiste62@moonfruit.com,105-395-6635
8145828473,Netty Sculley,nsculley63@discovery.com,185-178-6437
7263159325,Roderick Reynish,rreynish64@sogou.com,986-111-4557
1630947288,Forrester Benedtti,fbenedtti65@newsvine.com,392-331-4090
1911472283,Herold Georgiev,hgeorgiev66@privacy.gov.au,559-859-9462
2266180371,Chrissie Coppo,ccoppo67@dagondesign.com,978-668-4182
680267182,Nelie Pettingill,npettingill68@naver.com,399-162-5764
200014897,Desdemona Jobbing,djobbing69@paypal.com,537-721-4550
8994104461,Katerine Hentze,khentze6a@facebook.com,325-145-5909
960084339,Addie Bothram,abothram6b@hao123.com,511-646-9946
6183696862,Tomlin Bebis,tbebis6c@paginegialle.it,193-416-3195
9605615193,Terry Hillaby,thillaby6d@nba.com,943-456-3121
7878575088,Perice Garter,pgarter6e@ebay.com,923-916-9258
3361954029,Aubine Giorgeschi,agiorgeschi6f@unesco.org,379-735-2876
3791550896,Simon Britner,sbritner6g@addtoany.com,858-539-8734
991289390,Vernon Armstrong,varmstrong6h@rediff.com,238-775-3856
1964229693,Terrance Ferentz,tferentz6i@artisteer.com,554-225-0889
5820183584,Xylina Drawmer,xdrawmer6j@cnn.com,746-231-3409
3592336657,Lida Roycroft,lroycroft6k@pcworld.com,122-158-1089
6970759601,Marthena Ibotson,mibotson6l@weibo.com,736-669-5885
2501100875,Eduino Wackley,ewackley6m@salon.com,599-419-0541
393889807,Taryn Couch,tcouch6n@google.com.br,947-607-5384
1092729860,Isa Roome,iroome6o@simplemachines.org,979-154-4666
5340849864,Laurens Cracker,lcracker6p@flickr.com,523-712-5375
2669855717,Pavia Gaisford,pgaisford6q@goo.gl,901-906-1354
1806693313,Tomas Cazin,tcazin6r@slate.com,378-150-3267
8892280198,Chickie Fotitt,cfotitt6s@tinyurl.com,917-787-6476
3537811616,Mavis Benech,mbenech6t@imageshack.us,707-429-3597
3241387852,Wes Neasam,wneasam6u@dropbox.com,909-874-3007
390936537,Karalee Giacopini,kgiacopini6v@weibo.com,755-528-1382
3545330257,Amalie Carroll,acarroll6w@statcounter.com,303-108-3803
3977104535,Cass Gildea,cgildea6x@bluehost.com,751-279-9300
8232378069,Joey Steadman,jsteadman6y@scribd.com,248-342-2219
4370570328,Asia Verna,averna6z@ucla.edu,541-937-1323
615405053,Sofie Kirimaa,skirimaa70@toplist.cz,745-822-1816
311130577,Abagail Korous,akorous71@github.io,745-104-8852
9997273494,Tadio Aggott,taggott72@simplemachines.org,836-346-1151
8504859770,Ema Acheson,eacheson73@wsj.com,945-460-2803
9745539082,Meggi Serchwell,mserchwell74@newyorker.com,261-101-7490
3420311877,Tanny Romayn,tromayn75@huffingtonpost.com,504-974-0151
3412307521,Pegeen Mirfin,pmirfin76@myspace.com,536-616-1176
9102080567,Buiron Blyde,bblyde77@china.com.cn,310-122-8358
6777737189,Millisent Rowles,mrowles78@artisteer.com,936-554-1162
4632159492,Mara Mollett,mmollett79@reuters.com,528-901-3531
1360819371,Isac Peagram,ipeagram7a@merriam-webster.com,156-257-6598
4950290401,Caitlin Pates,cpates7b@spotify.com,918-587-6975
9849668695,Katti Astall,kastall7c@wikispaces.com,866-452-1914
9666403420,Nelli Wimlett,nwimlett7d@house.gov,179-637-2266
3062866667,Meade Clohissy,mclohissy7e@wordpress.com,711-544-9353
2150003465,Adrianne Allberry,aallberry7f@va.gov,506-987-4727
5890616064,Archy Isaksson,aisaksson7g@last.fm,897-868-0663
6744420100,Ginny Moncey,gmoncey7h@barnesandnoble.com,228-280-3585
7779111725,Viv Priestnall,vpriestnall7i@ameblo.jp,520-798-3711
820136573,Broddie Howbrook,bhowbrook7j@tiny.cc,390-194-4333
6832144393,Merry Ferreira,mferreira7k@sbwire.com,864-187-2234
6589306141,Natalya Canny,ncanny7l@yale.edu,415-546-6349
1914889487,Perice Attrill,pattrill7m@mit.edu,828-980-7144
1745440968,Brande Baty,bbaty7n@eventbrite.com,894-138-8946
2175655881,Hastie Barwack,hbarwack7o@psu.edu,150-668-3297
9487194177,Jordon Manley,jmanley7p@oaic.gov.au,714-906-0230
8700748404,Malva Haskayne,mhaskayne7q@msn.com,823-313-4200
3171677717,Ivette Van Velde,ivan7r@washington.edu,853-925-8114
7500633211,Dimitry Fearnley,dfearnley7s@alibaba.com,235-463-7977
2747708411,Osgood Pibsworth,opibsworth7t@is.gd,361-304-4683
1473489369,Noel Dysart,ndysart7u@seattletimes.com,781-306-0011
712149643,Tyrone Duiged,tduiged7v@usa.gov,943-846-1781
4037412195,Corby Attoc,cattoc7w@mapy.cz,968-157-5859
3069590241,Neel Planque,nplanque7x@intel.com,186-828-1444
317762761,Ric Donisi,rdonisi7y@dyndns.org,217-600-5255
2613464151,Roman Sessuns,rsessuns7z@reverbnation.com,652-305-6205
4580718429,Fulvia Menego,fmenego80@mtv.com,333-600-2287
7296181370,Ebeneser de Verson,ede81@bloomberg.com,269-231-0504
6888918378,Win Karlolak,wkarlolak82@angelfire.com,637-220-5350
1265807000,Marillin Simmance,msimmance83@prnewswire.com,238-651-0359
1410309177,Carey Capes,ccapes84@lulu.com,199-661-7132
7272508159,Chelsea Delagnes,cdelagnes85@google.co.uk,773-453-9822
2129682618,Irwin Lawson,ilawson86@cdc.gov,570-123-4329
7731233243,Irene Sturney,isturney87@symantec.com,259-218-0686
7438669831,Hugibert Proger,hproger88@house.gov,436-792-7722
3191763082,Evaleen Langsbury,elangsbury89@mashable.com,909-135-2506
788319043,Iago Gutans,igutans8a@nifty.com,202-982-7255
793248787,Buiron Mosby,bmosby8b@yelp.com,772-245-9847
466562306,Arni Darinton,adarinton8c@washington.edu,657-621-8548
4894911884,Nora Fone,nfone8d@edublogs.org,117-534-6694
3178358250,Ema De la Yglesias,ede8e@timesonline.co.uk,276-858-1995
4763154265,Powell Golde,pgolde8f@sfgate.com,793-956-7056
4261568500,Dalia Creddon,dcreddon8g@msn.com,802-548-0217
5039745702,Sheilah Davydenko,sdavydenko8h@unblog.fr,650-310-9572
4892331139,Wendeline Mosson,wmosson8i@posterous.com,545-111-1284
4460915979,Micaela Cardozo,mcardozo8j@redcross.org,270-629-9122
4790921433,Zsazsa Quakley,zquakley8k@imageshack.us,861-917-0539
2342005687,Lyn Zarfat,lzarfat8l@timesonline.co.uk,171-152-4376
601687345,Trstram Maleby,tmaleby8m@prweb.com,851-825-8702
3157907271,Elsie Sclanders,esclanders8n@army.mil,142-658-9090
3600384279,Carmel Poge,cpoge8o@washingtonpost.com,893-872-3900
6810295399,Ursulina Servant,uservant8p@zimbio.com,786-510-4951
3908153018,Francyne Gatchell,fgatchell8q@yandex.ru,358-962-0336
2276251255,Sammy Roddick,sroddick8r@cdc.gov,887-727-6780
653518285,Fransisco Forty,fforty8s@netvibes.com,174-301-0884
4077535751,Brew Boyd,bboyd8t@pcworld.com,810-875-1906
1251790127,Willie Dilawey,wdilawey8u@nymag.com,127-936-1415
5658473527,Vina Furlong,vfurlong8v@mozilla.org,656-137-3597
4626138411,Conan McKibbin,cmckibbin8w@disqus.com,567-404-9682
8091184204,Frants Oherlihy,foherlihy8x@ycombinator.com,156-338-2484
3057137504,Melitta Normanell,mnormanell8y@marketwatch.com,144-293-8540
1805002546,Christoforo Wedlake,cwedlake8z@nsw.gov.au,224-198-5673
8107004485,Fredric Kirwan,fkirwan90@issuu.com,311-272-7785
8219292717,Thornie Gerald,tgerald91@oaic.gov.au,209-925-3155
7646400041,Annalise Wilfing,awilfing92@merriam-webster.com,965-311-6453
7140602530,Kendrick Veldman,kveldman93@sogou.com,219-982-1259
8559981667,Ardine O' Byrne,ao94@washingtonpost.com,515-845-5210
3929264390,Grant Tytler,gtytler95@paypal.com,564-878-3869
7325763255,Lew Northen,lnorthen96@scribd.com,634-389-8390
7997021140,Robinet Loudon,rloudon97@alibaba.com,523-332-5063
2160946052,Verena Tomkin,vtomkin98@boston.com,659-957-8276
1395683719,Jeddy Heephy,jheephy99@ftc.gov,232-370-4031
5996620669,Nananne Dienes,ndienes9a@mit.edu,425-917-1243
9879028651,Arvy Annice,aannice9b@bluehost.com,639-697-2854
951127667,Tate Bedboro,tbedboro9c@amazonaws.com,309-191-7504
7309425235,Marysa Vearncombe,mvearncombe9d@nps.gov,363-191-6178
858440849,Northrop Mabbs,nmabbs9e@weibo.com,709-817-5799
2759439674,Tersina Donnelly,tdonnelly9f@people.com.cn,585-235-1590
7157022109,Giffie Whitfeld,gwhitfeld9g@wordpress.org,314-576-0118
8505431170,Paco Taffs,ptaffs9h@bbc.co.uk,477-505-7421
5757765577,Goran Borth,gborth9i@nytimes.com,425-448-3046
4813787509,Merl Hedon,mhedon9j@msu.edu,563-199-5123
7687804376,Lelah Ranyard,lranyard9k@smh.com.au,108-545-5402
5551204871,Eben Dalli,edalli9l@cargocollective.com,479-336-2225
8993413665,Wandie Cotherill,wcotherill9m@cnet.com,177-973-8444
2647116229,Mattias Battaille,mbattaille9n@g.co,388-833-7900
7067060656,Tucky Wain,twain9o@oaic.gov.au,274-230-7917
8482812629,Betti Fellgett,bfellgett9p@tumblr.com,958-617-0582
1416590161,Allie Porcher,aporcher9q@wp.com,512-681-4698
2894369840,Sayres Levitt,slevitt9r@omniture.com,305-679-2578
5532271259,Darrelle Hallt,dhallt9s@reddit.com,273-353-6570
7017149661,Lester Hellen,lhellen9t@bing.com,955-447-1212
7419075964,Roxy Agar,ragar9u@exblog.jp,805-686-8231
9746669885,Giavani Nerne,gnerne9v@cbc.ca,549-147-6362
7711435800,Jillana Prior,jprior9w@cnn.com,880-380-1070
8372625727,Helyn Bruhn,hbruhn9x@infoseek.co.jp,665-484-5236
2633704778,Gerty Tarbatt,gtarbatt9y@hubpages.com,565-365-4628
6089864986,Victoria Koche,vkoche9z@imdb.com,545-635-5745
2816064468,Ursuline Foulser,ufoulsera0@ning.com,903-175-7621
8492676949,Son Felton,sfeltona1@nationalgeographic.com,451-236-0514
6497510702,Dodie Adams,dadamsa2@state.gov,490-232-9080
3533794857,Nicolette Schiementz,nschiementza3@tiny.cc,811-414-2920
4144671658,Sheena Scambler,sscamblera4@wix.com,882-535-1716
2442068591,Ryann Lowen,rlowena5@china.com.cn,630-387-5767
6415534092,Francisco Hawney,fhawneya6@ox.ac.uk,848-800-0789
9745541931,Gayleen Ondrasek,gondraseka7@hugedomains.com,791-660-3891
9360235709,Selestina Predohl,spredohla8@washington.edu,501-195-3816
4442888140,Willie O'Shea,wosheaa9@umich.edu,991-626-7359
8214384079,Ranee Denyukhin,rdenyukhinaa@goodreads.com,713-762-8136
1465657231,Kellyann Abbey,kabbeyab@mayoclinic.com,883-907-4418
2809664609,Tedie Paver,tpaverac@symantec.com,576-796-7970
4697181328,Ruthann Sinney,rsinneyad@eepurl.com,797-402-9876
9806805291,Georgia Tatteshall,gtatteshallae@cyberchimps.com,634-895-1490
8392991338,Denna Duxbury,dduxburyaf@usa.gov,684-519-0092
465234798,Ingamar Keddey,ikeddeyag@ask.com,694-569-2509
6449870044,Tiffy Cowthard,tcowthardah@surveymonkey.com,570-940-5799
7112876583,Shellie Grinsted,sgrinstedai@vkontakte.ru,844-511-5624
6935988160,Camille Maltster,cmaltsteraj@cafepress.com,974-520-6383
635118734,Gabriela Polson,gpolsonak@engadget.com,124-931-7710
1810256623,Gallagher Mecco,gmeccoal@wufoo.com,372-737-1700
8266058377,Elton Crickmoor,ecrickmooram@umn.edu,293-613-4786
1176028723,Barnie Templman,btemplmanan@time.com,942-833-1260
7514348212,Donni Balharrie,dbalharrieao@t-online.de,272-749-5568
4492401814,Sawyere Packington,spackingtonap@jimdo.com,958-438-6484
921052332,Lorens Lody,llodyaq@webnode.com,824-913-2637
8171271235,Caroljean Eliez,celiezar@artisteer.com,337-478-2089
4186381887,Livy Rendbaek,lrendbaekas@acquirethisname.com,648-321-0978
7077780651,Yehudi Bundey,ybundeyat@cornell.edu,195-420-2271
2937716253,Sonny Rumbellow,srumbellowau@php.net,886-934-6338
6839073726,Mina Gallanders,mgallandersav@pagesperso-orange.fr,310-681-2833
3579872206,Guido Thornebarrow,gthornebarrowaw@meetup.com,666-410-4016
2392975159,Valentine Szachniewicz,vszachniewiczax@senate.gov,113-771-5956
2779370343,Gwenny Doles,gdolesay@shutterfly.com,543-711-8688
6665193624,Frasco Froom,ffroomaz@networkadvertising.org,481-986-5456
3150206456,Henryetta Wrankling,hwranklingb0@blogspot.com,337-470-5597
7761229279,Gaylor Claye,gclayeb1@macromedia.com,578-880-4054
8741150406,Malvin Safell,msafellb2@ezinearticles.com,958-580-0428
8088465893,Violante Weems,vweemsb3@goo.ne.jp,957-398-8912
2443617971,Avrit Werndly,awerndlyb4@quantcast.com,810-810-2280
4642140573,Lou Beake,lbeakeb5@cbslocal.com,388-221-7944
2736808142,Joni Malinowski,jmalinowskib6@newyorker.com,187-638-9573
5639581,Antony Scherer,aschererb7@ycombinator.com,824-249-3071
6638793845,Rosaline Mumbey,rmumbeyb8@state.gov,121-558-1937
8947660817,Hailey Drage,hdrageb9@webs.com,674-855-8238
3774998108,Lauraine Kitchaside,lkitchasideba@reddit.com,891-729-4014
630768145,Trevor Rasher,trasherbb@yellowpages.com,754-957-6796
2892312469,Magdalene Preston,mprestonbc@geocities.com,271-466-4262
1180447646,Timmy Whitehorn,twhitehornbd@nymag.com,454-549-2978
8489818568,Teresita Isaksen,tisaksenbe@ycombinator.com,267-947-5982
595291813,Broderick Kemble,bkemblebf@ning.com,922-821-1830
5439395989,Ronnie Wringe,rwringebg@youtube.com,715-815-3264
7405520111,Latashia Verrills,lverrillsbh@japanpost.jp,396-147-7355
6519140538,Lew Cluelow,lcluelowbi@amazon.co.uk,318-679-2814
6380531998,Godard Ivchenko,givchenkobj@twitter.com,314-386-6349
7254903580,Joyan Duchesne,jduchesnebk@storify.com,677-670-5859
8661472091,Karisa Eyckelbeck,keyckelbeckbl@oakley.com,362-115-6427
8527708310,Ginnie Yekel,gyekelbm@furl.net,776-657-9508
3799726489,Kellen Walicki,kwalickibn@psu.edu,451-386-1484
4351139161,Kippy Chatainier,kchatainierbo@answers.com,434-610-7389
19331231,Noll Maron,nmaronbp@mail.ru,641-747-4118
7904087332,Gaelan Linck,glinckbq@vistaprint.com,961-203-3409
1835752535,Candi Marwood,cmarwoodbr@example.com,758-558-6674
5470424731,Mathias Lill,mlillbs@usnews.com,491-261-4317
4583460511,Edd Andrault,eandraultbt@dell.com,264-652-6260
2070661725,Bobine Jacob,bjacobbu@php.net,295-329-1243
3635041882,Nicholas Yeldon,nyeldonbv@booking.com,537-575-0781
2006746731,Karney Deesly,kdeeslybw@guardian.co.uk,904-399-9751
1011858819,Vernen Hamm,vhammbx@bigcartel.com,561-412-5093
9006543543,Dolph Gogin,dgoginby@squarespace.com,531-265-9589
9891761959,Bartholemy Scupham,bscuphambz@soup.io,780-201-3728
7083457948,Nataniel July,njulyc0@elegantthemes.com,428-681-7388
7946407963,Zara Paskerful,zpaskerfulc1@weather.com,598-263-0922
6505437339,Thaddus Terrett,tterrettc2@apache.org,202-374-0995
3445031347,Hershel Wingham,hwinghamc3@nationalgeographic.com,474-941-4897
5134841500,Claus Kornas,ckornasc4@soup.io,793-605-4734
1080002219,Merrick Seers,mseersc5@clickbank.net,982-604-4741
6157215615,Torrey Caplin,tcaplinc6@thetimes.co.uk,856-750-5669
5619544184,Loretta Phateplace,lphateplacec7@paypal.com,618-852-7903
8962811227,Caleb Fasson,cfassonc8@scientificamerican.com,171-690-5966
3761520441,Kinnie Peizer,kpeizerc9@pcworld.com,674-455-7839
6529923101,Maisey Darlison,mdarlisonca@ucsd.edu,359-954-6584
6506015535,Rayshell Maxwell,rmaxwellcb@bloglines.com,543-898-2441
7808649791,Ryon Smithson,rsmithsoncc@timesonline.co.uk,315-368-1116
5276546908,Maurene Bernot,mbernotcd@yale.edu,370-517-9963
6924599931,Reinwald Hamson,rhamsonce@about.com,722-273-2764
2554159963,Kimball Edmondson,kedmondsoncf@gravatar.com,693-590-3450
8269690309,Carleen Christon,cchristoncg@ihg.com,266-979-5430
1248168704,Morry Paylie,mpayliech@indiatimes.com,397-718-4488
7300759866,Lurlene Heeney,lheeneyci@tinyurl.com,360-982-6329
7466075010,Eduard Bahde,ebahdecj@arizona.edu,445-792-3779
6526022545,Zandra Cottage,zcottageck@sfgate.com,212-695-7417
3118361328,Devondra Grayland,dgraylandcl@vinaora.com,464-617-9243
924282347,Kelcey Atley,katleycm@imageshack.us,707-537-2515
7261587257,Orville Pegler,opeglercn@mediafire.com,700-719-9688
9009745619,Kalila Goring,kgoringco@google.co.jp,551-539-4505
391624768,Valery Tidd,vtiddcp@skype.com,523-938-9110
3923027907,Gerti Smeath,gsmeathcq@techcrunch.com,294-617-4091
5061903005,Poppy Mathevet,pmathevetcr@meetup.com,931-737-3018
8829501069,Vanna Neasham,vneashamcs@rediff.com,488-862-9028
4812990947,Lew Cobby,lcobbyct@lycos.com,879-783-7067
5024123603,Adorne Baigrie,abaigriecu@a8.net,618-477-7957
3990381199,Letti Hearsum,lhearsumcv@noaa.gov,448-382-2514
9545897155,Karry D'Ambrosi,kdambrosicw@about.com,108-266-7762
8674824463,Chlo Thombleson,cthomblesoncx@histats.com,691-737-3205
7023280065,Ealasaid Maryan,emaryancy@sciencedaily.com,545-766-7872
6101174689,Durward Ridett,dridettcz@bbb.org,707-374-2045
9772888769,Rance Siggs,rsiggsd0@paypal.com,573-658-6608
5958405152,Stevena McCullogh,smcculloghd1@hao123.com,744-573-9964
4556322561,Suzanne Dreier,sdreierd2@umn.edu,267-565-6613
4182474090,Sheila Knivett,sknivettd3@jalbum.net,192-770-0515
3437188895,Shandee Ruusa,sruusad4@mapy.cz,484-646-7887
4055944411,Karla Calltone,kcalltoned5@pen.io,144-584-2739
9363818438,Audrye Turk,aturkd6@sfgate.com,437-445-7635
362555761,Esmaria Tertre,etertred7@ted.com,183-958-7183
9281281589,Lisabeth Beumant,lbeumantd8@cocolog-nifty.com,826-656-8161
3247715886,Ceciley Addenbrooke,caddenbrooked9@github.io,378-300-7802
7341514469,Vilma Donhardt,vdonhardtda@altervista.org,181-745-6190
8773054046,Perry Heinicke,pheinickedb@biblegateway.com,173-373-5571
429710461,Allegra Sewart,asewartdc@statcounter.com,786-154-3076
519474953,Kristina Trewhella,ktrewhelladd@independent.co.uk,417-845-8429
5410408039,Anton Burstowe,aburstowede@yolasite.com,558-448-9738
2480965058,Barbie Cator,bcatordf@ibm.com,628-925-1172
980097789,Brew Challen,bchallendg@friendfeed.com,410-406-4137
4656936383,Merrel Baxstair,mbaxstairdh@ox.ac.uk,353-171-1102
5019894117,Una Cumbridge,ucumbridgedi@goodreads.com,277-980-7351
3249713287,Courtnay Adamowicz,cadamowiczdj@friendfeed.com,336-177-1252
7473116800,Alanson Partington,apartingtondk@about.com,500-423-4326
5306248438,Liesa Priver,lpriverdl@comsenz.com,480-693-9975
2192697848,Howie Wakeling,hwakelingdm@chronoengine.com,406-997-7730
8605858745,Gerek Faraday,gfaradaydn@webeden.co.uk,655-487-6251
9439044993,Christen Tewkesberrie,ctewkesberriedo@cam.ac.uk,584-239-5946
5933120553,Tracie Spyer,tspyerdp@domainmarket.com,584-117-9764
5681557812,Jeno Osban,josbandq@google.ru,831-236-1394
7431829906,Sonny Croasdale,scroasdaledr@wsj.com,631-245-9414
4342480689,Pasquale Dutchburn,pdutchburnds@1688.com,512-684-8392
192064738,Marijn Dowber,mdowberdt@edublogs.org,663-176-6621
8481365831,Nathan Writer,nwriterdu@cbc.ca,577-522-0616
287903737,Gayler Galliford,ggalliforddv@list-manage.com,591-392-6307
7255183158,Brucie Cordeau],bcordeaudw@stumbleupon.com,111-696-2901
1395366462,Annabal Waeland,awaelanddx@twitpic.com,611-998-4875
9131946410,Ginnie Trimby,gtrimbydy@ca.gov,112-513-7468
7785956227,Donnie Pasterfield,dpasterfielddz@fotki.com,761-226-3769
3277001865,Reggie Silveston,rsilvestone0@intel.com,846-618-4174
7385617719,Annaliese Ciepluch,aciepluche1@japanpost.jp,425-283-6615
3342541849,Luise Goalley,lgoalleye2@digg.com,867-319-3432
1711754234,Zulema Caffery,zcafferye3@narod.ru,560-512-3229
483189537,Margalo Earengey,mearengeye4@cdc.gov,930-309-1237
927126567,Mariana Prise,mprisee5@rediff.com,866-741-1300
5992507698,Perceval Wase,pwasee6@narod.ru,665-574-7778
9383050373,Lynnet Grinaway,lgrinawaye7@dmoz.org,463-580-2461
7754729865,Gradey Danielovitch,gdanielovitche8@senate.gov,452-907-3757
7338660336,Shepard Ebbins,sebbinse9@nydailynews.com,224-793-5315
1333671156,Pammi McAvey,pmcaveyea@joomla.org,631-708-4601
9434020786,Wilhelmina Gravie,wgravieeb@ning.com,542-558-4165
7308086410,Clair Balke,cbalkeec@jugem.jp,776-662-7196
6417943380,Dosi Ormiston,dormistoned@sitemeter.com,642-530-8177
7774495231,Chad Kirtley,ckirtleyee@paypal.com,359-460-8474
8035979590,Ethelind Racine,eracineef@people.com.cn,514-455-7094
8634950301,Liliane Frankel,lfrankeleg@fda.gov,909-591-4196
9392766629,Winona Bernini,wberninieh@bloglovin.com,342-974-9892
4561124594,Angel Frid,afridei@about.me,465-364-0572
7410856726,Stefa Laimable,slaimableej@cbslocal.com,740-601-5860
2567361979,Daron Ivins,divinsek@soundcloud.com,411-344-0448
4359873077,Rhody Benjefield,rbenjefieldel@umn.edu,176-171-5067
3916421344,Estevan Mocher,emocherem@wordpress.com,603-343-7564
4598279141,Addia Schimank,aschimanken@ebay.com,878-740-6735
8694971127,Jarvis Ollerhead,jollerheadeo@unesco.org,214-217-0173
6694904959,Margaretta Dovington,mdovingtonep@topsy.com,459-568-9440
6295660878,Hollis Woodfin,hwoodfineq@dmoz.org,357-757-2700
1088670261,Charmian Presswell,cpressweller@harvard.edu,582-816-0752
7980539796,Breena De la Barre,bdees@issuu.com,711-365-9601
5125063231,Ichabod Goudard,igoudardet@indiatimes.com,626-638-7330
169721361,Drusi Lanyon,dlanyoneu@plala.or.jp,550-549-5479
3758597021,Liesa Poyle,lpoyleev@mysql.com,855-562-9250
301932395,Stephanus Millsap,smillsapew@joomla.org,990-196-4897
7352344527,Sylvester Bruyet,sbruyetex@buzzfeed.com,696-807-6535
2175682668,See Buttress,sbuttressey@studiopress.com,423-156-8165
7826962560,Cassey Pinnell,cpinnellez@wikia.com,438-653-6174
1302927833,Merrielle Katt,mkattf0@flavors.me,457-211-0599
3680404425,Warde Verillo,wverillof1@google.co.uk,203-914-8739
1283492997,Carmella Gossan,cgossanf2@addthis.com,800-283-0122
640115845,Rogerio Barson,rbarsonf3@bravesites.com,706-518-0025
132486296,Angelita Cecil,acecilf4@gnu.org,765-881-0638
9018557528,Garrik Symonds,gsymondsf5@ox.ac.uk,330-867-8397
5295401871,Gabey Peachment,gpeachmentf6@fda.gov,552-595-5955
6991530123,Debi Ludman,dludmanf7@nydailynews.com,507-596-9947
9072485270,Jacquie Westnage,jwestnagef8@miitbeian.gov.cn,264-350-4517
8631383678,Cornall Lambrecht,clambrechtf9@trellian.com,339-799-3716
1405932805,Dyana Olyunin,dolyuninfa@about.me,412-229-4478
200489194,Randene MacElharge,rmacelhargefb@g.co,905-773-3421
5964791727,Hugo Northam,hnorthamfc@topsy.com,885-604-3029
3536962491,Camala Kleingrub,ckleingrubfd@eepurl.com,513-355-9672
9548769891,Adelaide Mostin,amostinfe@narod.ru,108-305-2577
9121321477,Jesus Holwell,jholwellff@feedburner.com,148-223-1354
6797434815,Staford Sterley,ssterleyfg@pen.io,302-636-5637
4386741712,Ellery Reary,erearyfh@nydailynews.com,480-173-3146
8483479036,Ring Gairdner,rgairdnerfi@independent.co.uk,324-622-3482
7053171183,Zedekiah Rawsthorne,zrawsthornefj@unc.edu,191-178-3605
5069392816,Haskel Cornall,hcornallfk@booking.com,624-201-7878
1618188631,Yankee Gibke,ygibkefl@blogs.com,710-773-9555
3745339622,Gennie Reape,greapefm@vinaora.com,813-513-3830
6076567023,Kendell Woodberry,kwoodberryfn@admin.ch,244-469-3456
6872293209,Arlan Evitts,aevittsfo@vistaprint.com,583-963-8628
1251202527,Mandi Heinke,mheinkefp@nymag.com,488-876-9251
9329260357,Duffie Nutkins,dnutkinsfq@infoseek.co.jp,523-339-2586
302744401,Toddy Dripp,tdrippfr@twitpic.com,696-737-1791
9743335757,Brendan Turbayne,bturbaynefs@elpais.com,629-423-5537
7714831251,Anna Rubury,aruburyft@dion.ne.jp,428-297-7100
9762370058,Dominica Dingate,ddingatefu@redcross.org,908-197-2351
8862184255,Wynne Rigmand,wrigmandfv@t.co,180-562-8700
4887958021,Garrot Spilsted,gspilstedfw@washington.edu,571-448-6677
6451886661,Lucinda Cattanach,lcattanachfx@fastcompany.com,864-214-0499
9826303046,Inglebert Wooffitt,iwooffittfy@salon.com,225-866-3306
5716308864,Jeremy Acklands,jacklandsfz@ehow.com,727-968-6244
8350704772,Lacee Doe,ldoeg0@sfgate.com,145-257-6664
9598706176,Shelden Relton,sreltong1@bloomberg.com,892-414-3145
4676505043,Veronika Brunotti,vbrunottig2@google.it,141-981-2460
51808854,Kasper Spurriar,kspurriarg3@whitehouse.gov,249-885-3759
4267975744,Gunther Giacubbo,ggiacubbog4@google.pl,393-785-9337
9927381026,Bordie Warhurst,bwarhurstg5@google.com,573-245-1483
6434533020,Konstantin Androck,kandrockg6@yahoo.co.jp,445-392-0445
1442113065,Brad Harbour,bharbourg7@sakura.ne.jp,477-417-1964
722103018,Alix Snowball,asnowballg8@drupal.org,641-348-9653
6859121807,Carole Abrahamson,cabrahamsong9@forbes.com,183-827-5208
6174127249,Prue Steward,pstewardga@nbcnews.com,782-923-8123
2346360570,Mady De Filippi,mdegb@studiopress.com,165-309-4064
1726662195,Willard Iacapucci,wiacapuccigc@livejournal.com,785-760-6574
5344113781,Ginger Klezmski,gklezmskigd@google.it,722-744-6529
3882577762,Tedra Gentner,tgentnerge@baidu.com,375-459-6827
5616119016,Jeffie Megahey,jmegaheygf@vistaprint.com,198-520-9165
789509695,Beaufort Lenglet,blengletgg@cdc.gov,199-498-9922
3970199360,Tate O'Sheerin,tosheeringh@huffingtonpost.com,318-684-0564
8978112854,Jobey Belleny,jbellenygi@fc2.com,933-135-8819
260404233,Humberto Oertzen,hoertzengj@bing.com,812-499-6061
1884988822,Reidar O'Dennehy,rodennehygk@xing.com,841-562-6004
8349766204,Kimberlyn Brake,kbrakegl@house.gov,671-705-2308
4369031672,Stephie Foskew,sfoskewgm@vistaprint.com,702-835-8095
6971679016,Max Moneti,mmonetign@yandex.ru,213-303-9082
9949217148,Ellie Vassel,evasselgo@shop-pro.jp,233-779-1304
8498894433,Taddeo Alsop,talsopgp@answers.com,480-946-4314
6247292805,Trixi Keymar,tkeymargq@huffingtonpost.com,701-537-1412
1904141633,Bertine Standon,bstandongr@wordpress.com,260-802-8321
9339333705,Dynah Puncher,dpunchergs@sina.com.cn,732-175-7146
9974626293,Lester Maine,lmainegt@state.gov,484-889-1727
1109306636,Addie Bowfin,abowfingu@auda.org.au,533-652-6907
7001400432,Adrea Cawdron,acawdrongv@diigo.com,508-504-9574
5388038971,Deloria Thewles,dthewlesgw@acquirethisname.com,640-835-0440
2190192676,Franklin Dulwitch,fdulwitchgx@trellian.com,798-181-6799
7676975115,Noell Tabard,ntabardgy@live.com,200-481-1806
3975405104,Shane Bolino,sbolinogz@hatena.ne.jp,214-962-9052
5537281724,Cara Blest,cblesth0@ebay.co.uk,339-459-2362
1266443347,Aurora Kohen,akohenh1@uol.com.br,492-160-7529
5679088770,Orlando Hartin,ohartinh2@earthlink.net,339-149-1358
9146159134,Addison Burlay,aburlayh3@example.com,895-830-3320
8101062696,Wainwright Ridges,wridgesh4@edublogs.org,896-765-2013
3317996250,Neall Shoulders,nshouldersh5@apache.org,501-647-0825
5945012092,Susanne Simpkins,ssimpkinsh6@wufoo.com,890-821-7580
2205754491,Laetitia Egglestone,legglestoneh7@jalbum.net,139-965-6717
9629284383,Jareb McCarver,jmccarverh8@ucla.edu,498-304-3459
7220305540,Alys Karsh,akarshh9@hexun.com,662-795-9826
1181811864,Melly Rabbitts,mrabbittsha@mlb.com,912-162-1872
5199605909,Yank Mulholland,ymulhollandhb@ftc.gov,220-757-5676
2854470176,Chad Le land,clehc@vimeo.com,221-311-3873
2256882969,Merrielle Sheward,mshewardhd@smh.com.au,671-198-3390
6359971348,Karon Mathe,kmathehe@berkeley.edu,838-126-6779
7675993551,Giustina Denning,gdenninghf@businessinsider.com,333-796-1952
2371316040,Gav Coopland,gcooplandhg@forbes.com,198-418-2320
6069687027,Packston McSpirron,pmcspirronhh@merriam-webster.com,150-696-6427
5220771124,Bridgette Bakhrushin,bbakhrushinhi@indiatimes.com,546-294-6780
7250949756,Consalve Ilyin,cilyinhj@angelfire.com,294-220-7820
4634144662,Karry Danelutti,kdaneluttihk@mail.ru,171-124-4825
6918696963,Beauregard Ledekker,bledekkerhl@uol.com.br,743-428-0469
8038324773,Eugenius Joel,ejoelhm@netlog.com,465-479-6995
9247446821,Alberto Conew,aconewhn@nationalgeographic.com,458-963-3241
9667434982,Dunn Moggle,dmoggleho@privacy.gov.au,161-790-6576
6094449355,Oliver Matignon,omatignonhp@jiathis.com,399-903-7077
4719551068,Eachelle Cisco,eciscohq@jiathis.com,388-363-3429
7945632750,Zenia Jeremiah,zjeremiahhr@nymag.com,286-846-1624
945865473,Andrea Poulter,apoulterhs@shutterfly.com,960-598-7665
5292520063,Willie Biaggioli,wbiaggioliht@house.gov,911-942-9083
6401241950,Adrienne Lapwood,alapwoodhu@psu.edu,894-109-5663
1925911500,Cherise Dils,cdilshv@alibaba.com,854-810-1113
6269185750,Kristel Kusick,kkusickhw@over-blog.com,220-841-4674
5216536744,Marlee Coram,mcoramhx@globo.com,864-679-3023
7083573174,Teddie Dedham,tdedhamhy@gnu.org,937-635-2365
3794494237,Gerri Vsanelli,gvsanellihz@msu.edu,255-310-8987
458392731,Jolee Messingham,jmessinghami0@jimdo.com,311-904-6270
9280140310,Dunstan Noulton,dnoultoni1@angelfire.com,299-720-5565
6556759376,Kiersten Gallemore,kgallemorei2@intel.com,881-823-1976
9108675686,Casandra Wooland,cwoolandi3@alibaba.com,239-771-8185
8703079015,Radcliffe Danet,rdaneti4@usatoday.com,472-908-1991
3347338448,Arleen Tejero,atejeroi5@ebay.com,614-839-0160
1416350241,Filippo Matusovsky,fmatusovskyi6@loc.gov,744-429-3626
4248828375,Isis Tizard,itizardi7@blogger.com,873-785-9218
3584275474,Orella Yellowley,oyellowleyi8@cam.ac.uk,813-268-4437
5761243199,Barbaraanne Pyffe,bpyffei9@nasa.gov,795-409-6536
2199586855,Riva Belfrage,rbelfrageia@shareasale.com,879-529-8640
2199216705,Jolynn Kinsey,jkinseyib@feedburner.com,864-999-9640
3727729554,Karilynn Ulyet,kulyetic@slate.com,141-479-1167
6939575847,Otha Upcott,oupcottid@springer.com,701-146-0847
3269021968,Beauregard Filyashin,bfilyashinie@mtv.com,693-918-6200
2256690202,Rafaela Plait,rplaitif@netscape.com,219-661-4236
5254911409,Juliane Lammie,jlammieig@kickstarter.com,511-397-3617
6013749787,Arvin Varndall,avarndallih@wiley.com,696-480-4401
4276480825,Connor Berendsen,cberendsenii@wordpress.org,270-120-7315
2710719398,Nevil Barti,nbartiij@cyberchimps.com,805-294-1422
4733188277,Randee Cheverton,rchevertonik@is.gd,154-438-1968
3768610624,Moira Sharple,msharpleil@engadget.com,550-225-9857
5148819839,Lucky D'Onise,ldoniseim@canalblog.com,892-383-2701
7269610592,Witty Dundin,wdundinin@hexun.com,662-842-3513
2590786824,Valdemar Adshead,vadsheadio@intel.com,436-791-6399
7907446031,Meryl Halgarth,mhalgarthip@istockphoto.com,362-835-8578
8476508530,Maure Tadlow,mtadlowiq@google.es,163-688-2387
4467976841,Estevan Vellender,evellenderir@freewebs.com,304-610-7810
432979956,Garrard McGreay,gmcgreayis@51.la,143-424-8964
1058076558,Kirstin Ganders,kgandersit@ow.ly,180-311-4496
6364223117,Morena Mariolle,mmariolleiu@squarespace.com,516-471-2305
5265075968,Cchaddie Cowan,ccowaniv@surveymonkey.com,442-427-5354
7268447299,Feliks Latch,flatchiw@comcast.net,916-116-7070
3062073861,Candi Sherwyn,csherwynix@nymag.com,505-213-1541
4362571698,Sayers Moulson,smoulsoniy@vk.com,436-563-6494
8705320410,Ronald Spurrior,rspurrioriz@shutterfly.com,333-835-5783
5501862581,Milena Gilpin,mgilpinj0@slideshare.net,899-661-3369
4106543818,Shelly Swinley,sswinleyj1@va.gov,470-213-9531
7349024908,Jasen Gaudon,jgaudonj2@yahoo.com,719-958-5659
941397734,Bette Petrillo,bpetrilloj3@yale.edu,913-288-4548
2590084617,York Astie,yastiej4@webmd.com,412-503-1088
2779557125,Warner Stroobant,wstroobantj5@google.es,571-328-0856
7761624615,Corine Kilshaw,ckilshawj6@nymag.com,240-404-0137
110251091,Linn Fydo,lfydoj7@newsvine.com,657-392-7531
9397386670,Cody Camerati,ccameratij8@woothemes.com,135-374-8749
1122698100,Harmonia Delacroix,hdelacroixj9@wired.com,736-991-3903
7912224602,Velvet Matussevich,vmatussevichja@gov.uk,404-447-3493
7631717761,Bay Borrett,bborrettjb@blogger.com,188-515-2467
4188635266,Decca Ahlf,dahlfjc@google.com.br,397-561-7723
4930730945,Troy Blackader,tblackaderjd@gmpg.org,544-367-8896
7648200759,Marcel Osgar,mosgarje@4shared.com,326-475-7830
2278963139,Kirby Cadany,kcadanyjf@topsy.com,698-274-2226
6843316352,Brook Dignall,bdignalljg@hatena.ne.jp,242-161-0676
7327221883,Arlie Chirm,achirmjh@sciencedaily.com,355-483-2952
9067153656,Jamal Souter,jsouterji@feedburner.com,144-546-5815
8455937661,Tasia Golledge,tgolledgejj@reuters.com,799-387-6249
3408756244,Brandie Paulon,bpaulonjk@facebook.com,645-891-5909
488410487,Sianna Blasi,sblasijl@cnn.com,859-533-8101
2089058706,Locke Harries,lharriesjm@skype.com,144-369-6743
9610274048,Harley Kemmett,hkemmettjn@time.com,702-652-4781
256301220,Verney Karmel,vkarmeljo@multiply.com,465-409-2600
3397527260,Stefano Dinwoodie,sdinwoodiejp@abc.net.au,279-441-7903
8849251459,Margalit Merle,mmerlejq@addthis.com,364-946-6244
3323765958,Dom Dioniso,ddionisojr@ovh.net,843-877-8641
8059086367,Gabriello Braunle,gbraunlejs@xinhuanet.com,846-143-8922
9811328471,Dalton German,dgermanjt@paginegialle.it,937-282-6555
1167595394,Delbert Andrat,dandratju@buzzfeed.com,633-722-8662
2841247082,Avis Garken,agarkenjv@foxnews.com,126-707-4676
5805296853,Alethea Staneland,astanelandjw@bigcartel.com,190-508-8851
9901579430,Vallie Sinnock,vsinnockjx@oaic.gov.au,976-611-5991
7237625527,Tanney Freen,tfreenjy@xinhuanet.com,893-560-1186
7851538629,Archibald Evenden,aevendenjz@bizjournals.com,487-425-1081
5239124159,Melania Chazelle,mchazellek0@booking.com,128-582-6887
8980130376,Cassie Adan,cadank1@ucla.edu,666-230-8539
1130700356,Sharron McCreery,smccreeryk2@vimeo.com,108-832-0608
4587060607,Amelina Scough,ascoughk3@ibm.com,942-275-5630
1006822771,Shurlocke Kingzeth,skingzethk4@wufoo.com,496-944-6281
7263105225,Denny Hartless,dhartlessk5@1und1.de,733-826-7053
6791745991,Jamison Whorton,jwhortonk6@facebook.com,407-581-4751
499644115,Morgan Tootal,mtootalk7@youtube.com,803-403-0179
2281887391,Elden Oda,eodak8@smugmug.com,301-827-6069
3527326413,Derrick Cheeseman,dcheesemank9@examiner.com,888-171-5222
3083103522,Bettine Fassman,bfassmanka@who.int,935-686-7193
5882143918,Helene Boxhall,hboxhallkb@ovh.net,189-208-7861
1920305858,Karl Parcells,kparcellskc@lycos.com,102-225-9183
8605917903,Andrea Allett,aallettkd@cyberchimps.com,295-246-5922
4207554440,Adey Marlen,amarlenke@feedburner.com,585-396-2287
1158006969,Selinda Arrell,sarrellkf@symantec.com,129-969-8419
9358525592,Mae Helis,mheliskg@ask.com,149-190-8813
5766197675,Tammara Gettings,tgettingskh@51.la,987-492-3157
2896888144,Scot Laxson,slaxsonki@zimbio.com,643-416-7868
4049027399,Fanchette Roskell,froskellkj@weibo.com,385-125-0623
5075928811,Tobey Pizer,tpizerkk@skype.com,530-200-7770
926613286,Ansel Saladino,asaladinokl@fda.gov,727-730-4298
7209612939,Thoma Pidgley,tpidgleykm@baidu.com,504-793-6212
7844866241,Odo Rhoddie,orhoddiekn@cnet.com,202-551-0054
2614492892,Antonia Prime,aprimeko@yellowbook.com,934-301-6205
3939938173,Ninnette Dunsford,ndunsfordkp@hhs.gov,196-158-0392
5725478238,Nerty Conaghan,nconaghankq@amazon.co.jp,171-994-9955
6395279149,Hilliard Dudgeon,hdudgeonkr@tripadvisor.com,507-314-8606
8471386453,Camella Steddall,csteddallks@nasa.gov,434-467-9606
1749970511,Clarabelle Gerbel,cgerbelkt@noaa.gov,349-801-2200
4212567474,Ezra Topaz,etopazku@ft.com,475-276-3235
5788760534,Nananne Gerretsen,ngerretsenkv@wired.com,747-142-7665
6165641105,Carrissa Bills,cbillskw@gizmodo.com,947-747-2130
9022828174,Julietta Owen,jowenkx@pbs.org,965-454-8040
2728518971,Alika Baylis,abaylisky@flickr.com,136-789-2877
8681325019,Norah Levane,nlevanekz@google.co.uk,853-744-9453
3327937737,Bernadette McIlraith,bmcilraithl0@cbc.ca,868-982-1635
6058364035,Lemmie Biscomb,lbiscombl1@myspace.com,913-604-8417
6086856222,Doralia Langrish,dlangrishl2@toplist.cz,249-550-1831
2051955875,Worth Liepins,wliepinsl3@moonfruit.com,194-995-2114
7574434077,Baxie Fransoni,bfransonil4@xrea.com,634-611-4836
8582649746,Cirstoforo Bassford,cbassfordl5@google.fr,387-373-2440
5263051840,Drusie Cudihy,dcudihyl6@ehow.com,265-279-0236
7730727900,Gaile Lipmann,glipmannl7@seesaa.net,877-436-7473
1785550608,Chelsey Armsden,carmsdenl8@etsy.com,889-479-3570
318675781,Nico Sainsbury,nsainsburyl9@umn.edu,724-643-1892
9822996357,Garland Van Giffen,gvanla@dell.com,170-512-6669
5713278883,Bernelle Rupert,brupertlb@digg.com,364-788-9224
4411757664,Eb Feldhammer,efeldhammerlc@umn.edu,591-622-1006
2997411335,Conchita Appleyard,cappleyardld@storify.com,190-803-9808
4655645865,Baron Beddie,bbeddiele@etsy.com,418-531-2720
9039848726,Caprice MacGiolla,cmacgiollalf@bravesites.com,575-467-2909
4699920713,Aleta Fahy,afahylg@statcounter.com,759-457-9862
2569970913,Geoff Putton,gputtonlh@unc.edu,186-962-6868
9937465184,Vicky Todaro,vtodaroli@lulu.com,267-212-6161
4967015549,Danyette Endle,dendlelj@imdb.com,767-406-8351
1190142104,Bethany Crombie,bcrombielk@telegraph.co.uk,764-519-3398
9458492548,Gavrielle O'Canavan,gocanavanll@over-blog.com,385-867-4478
1780014341,Sissie Baddeley,sbaddeleylm@google.co.uk,664-670-3323
3657316183,Mirabelle Ondra,mondraln@networksolutions.com,253-889-4779
6496310300,Aggi Brevetor,abrevetorlo@howstuffworks.com,554-219-0346
5573292919,Chancey Gadney,cgadneylp@google.com.au,351-238-0696
6217360942,Rutherford Blonden,rblondenlq@instagram.com,586-210-9578
3390263411,Doti Dunford,ddunfordlr@weebly.com,469-928-3316
1345871775,Chanda Galle,cgallels@addtoany.com,958-963-3618
3588174222,Joleen Ilbert,jilbertlt@360.cn,521-940-1990
4472587394,Brendis Gavini,bgavinilu@hhs.gov,471-665-5410
2413721266,Odetta Iffe,oiffelv@zimbio.com,654-275-3632
5856112067,Jillana Blunn,jblunnlw@microsoft.com,230-857-1533
353010480,Rickie Kitchinham,rkitchinhamlx@google.nl,552-868-2644
7777288385,Terza Kille,tkillely@va.gov,917-604-5023
3637554240,Fritz Calladine,fcalladinelz@technorati.com,926-457-4377
2682687199,Faye Grisley,fgrisleym0@blogger.com,900-544-6483
970505280,Flossie Moring,fmoringm1@a8.net,497-676-2475
3624114883,Cristiano Giacobilio,cgiacobiliom2@tinyurl.com,836-782-9906
8915938356,Alejandrina Toffoloni,atoffolonim3@hao123.com,395-116-6445
7563928847,Rustin Rudgerd,rrudgerdm4@timesonline.co.uk,585-965-2869
9461860900,Camille Szreter,cszreterm5@mapquest.com,263-446-4519
7626374797,Estella Fairy,efairym6@chronoengine.com,130-416-2930
9812873678,Cordi Martschik,cmartschikm7@globo.com,402-634-6698
8641042199,Myrah Broe,mbroem8@smh.com.au,499-613-0430
5822720889,Mathew Tomanek,mtomanekm9@yahoo.co.jp,433-482-2631
8352095692,Chaunce Faunch,cfaunchma@columbia.edu,231-893-7771
5641037737,Fredrika Seaborn,fseabornmb@narod.ru,428-690-4348
4548048642,Gardener Ruste,grustemc@yelp.com,560-688-2601
5740971934,Olia Jacques,ojacquesmd@google.com,855-779-1805
8467039728,Tuck Mignot,tmignotme@macromedia.com,933-917-0772
4541647699,Tiena Cromarty,tcromartymf@seattletimes.com,537-138-1449
1422483045,Madalena Vanni,mvannimg@twitter.com,683-626-2482
8680409073,Gardy Carayol,gcarayolmh@weibo.com,865-504-7710
7378678090,Dian Cure,dcuremi@cnn.com,796-678-2629
211824526,Gunar Dickon,gdickonmj@rambler.ru,286-107-4565
9881516374,Clarey de Broke,cdemk@epa.gov,460-109-4614
6195368776,Forester Stitfall,fstitfallml@gmpg.org,232-265-7264
1939799767,Joice Skelhorne,jskelhornemm@cdbaby.com,646-711-0741
1738394379,Berti Buckham,bbuckhammn@domainmarket.com,254-675-6444
1177764008,Dacey Keattch,dkeattchmo@barnesandnoble.com,488-380-6206
2255522438,Chase Wilbor,cwilbormp@reverbnation.com,103-897-7511
5826026294,Annie Gumey,agumeymq@1und1.de,754-532-2981
9644792777,Yehudi Stubbs,ystubbsmr@si.edu,764-553-0198
9596854615,Clementine Esselen,cesselenms@mozilla.org,675-701-0505
2893483178,Nat Towlson,ntowlsonmt@cnet.com,420-646-3825
521184231,Griselda Presnall,gpresnallmu@yahoo.com,112-594-3770
3707523586,Abelard Leathes,aleathesmv@jigsy.com,667-529-4718
9898983361,Lenci Sketcher,lsketchermw@forbes.com,784-401-0902
7841703589,Averyl Nial,anialmx@un.org,755-488-9339
5775490754,Jackquelin Thonger,jthongermy@ftc.gov,291-357-3436
4552865579,Rabi Glaum,rglaummz@myspace.com,783-738-5353
1571500073,Benson Quaif,bquaifn0@jimdo.com,367-380-7141
2717985719,Dorrie Ramel,drameln1@trellian.com,311-625-2278
659940078,Hali Yglesias,hyglesiasn2@nba.com,936-286-2617
261226886,Terrell Kidney,tkidneyn3@utexas.edu,245-480-8981
288662792,Cory Kubicka,ckubickan4@diigo.com,973-848-2681
2969629925,Beau Frances,bfrancesn5@people.com.cn,655-348-2264
695640623,Harper Hasloch,hhaslochn6@163.com,840-759-2928
6492837649,Albrecht Siddons,asiddonsn7@google.com.au,936-674-0098
657810339,Krysta Uttridge,kuttridgen8@noaa.gov,401-850-1064
7097780673,Creigh Lailey,claileyn9@nytimes.com,647-297-4099
4957392749,Cissy Gerardeaux,cgerardeauxna@cisco.com,430-371-4588
9839770764,Dulcinea Axcel,daxcelnb@google.com.au,491-823-3160
6810466568,Alisa Hearns,ahearnsnc@cbsnews.com,961-633-6000
2238418849,Ferne Jackways,fjackwaysnd@home.pl,218-275-7527
1954285760,Winfred McAlindon,wmcalindonne@jugem.jp,947-536-7274
657564893,Aldo Jolliman,ajollimannf@army.mil,901-731-5766
1668787237,Toinette Kalvin,tkalvinng@oaic.gov.au,150-701-4431
1209892146,Minerva O'Malley,momalleynh@e-recht24.de,498-105-0566
6984692113,Launce McGinlay,lmcginlayni@apache.org,636-833-9955
8762477366,Beverlee Dankersley,bdankersleynj@dagondesign.com,186-232-3145
3274974978,Inger Whybrow,iwhybrownk@businessweek.com,672-622-1358
878815406,Gwenni Holhouse,gholhousenl@mail.ru,688-251-1788
8077291562,Margareta Mohring,mmohringnm@businessinsider.com,531-876-0271
8563500074,Urban Stanway,ustanwaynn@state.tx.us,396-118-3580
3094532004,Hayes Syms,hsymsno@yellowpages.com,126-608-6070
2412763593,Carlene Tregona,ctregonanp@sphinn.com,576-612-9956
9525288536,Ardyth Pocock,apococknq@washingtonpost.com,343-581-3560
1526545225,Cristie Zumbusch,czumbuschnr@oracle.com,518-216-2357
2326357434,Johnette Messenger,jmessengerns@nymag.com,566-230-2873
4403828019,Donelle Manketell,dmanketellnt@tuttocitta.it,695-487-4678
2099941378,Garvin Cartmill,gcartmillnu@ebay.com,533-528-1445
2888309327,Bert Hachard,bhachardnv@cdc.gov,595-392-7885
7828701977,Rodolph Byfield,rbyfieldnw@abc.net.au,630-409-1922
1654670057,Hobart Saffen,hsaffennx@yahoo.co.jp,334-411-6506
2347935453,Reeva Croft,rcroftny@dmoz.org,124-632-4685
3811303740,Glyn Klimkin,gklimkinnz@ibm.com,551-358-9241
7863339332,Hurley Noore,hnooreo0@plala.or.jp,585-711-0600
6813889672,Bradford Layman,blaymano1@oracle.com,372-380-5162
5328667522,Eugen De La Cote,edeo2@mac.com,195-521-7123
6637048704,Lyon Troth,ltrotho3@stumbleupon.com,237-883-5435
6846150927,Roderic Thurlborn,rthurlborno4@yandex.ru,836-835-1667
1681724146,Talya Libby,tlibbyo5@elpais.com,310-288-8729
3057849016,Iormina Pashby,ipashbyo6@ihg.com,514-501-1676
5846549179,Duane De Lacey,ddeo7@globo.com,589-197-4524
7773762171,Lennie Papps,lpappso8@feedburner.com,530-683-6222
6005837443,Rosemary Chesman,rchesmano9@pen.io,139-265-9347
6612450452,Addie Treleaven,atreleavenoa@odnoklassniki.ru,171-913-0336
6449274425,Tibold Kidney,tkidneyob@ebay.co.uk,459-907-2522
3604031303,Kurt Malser,kmalseroc@dyndns.org,837-356-7702
7193115960,Karina Hodinton,khodintonod@weebly.com,305-129-0606
1360534679,Mylo Bolton,mboltonoe@howstuffworks.com,920-307-9722
4883758109,Henrieta Burchett,hburchettof@diigo.com,844-267-9095
2944560220,Joshua Tiron,jtironog@mapy.cz,311-819-0752
264660730,Karine Sysland,ksyslandoh@bigcartel.com,581-272-1633
8622542815,Cynthea Enefer,ceneferoi@loc.gov,313-761-6148
1199873985,Gertie Kermode,gkermodeoj@cafepress.com,595-341-3449
1684767679,Marshal Arnot,marnotok@eventbrite.com,115-375-0786
9708190640,Fulton Alner,falnerol@google.pl,786-271-1028
6984551854,Gerrie Childs,gchildsom@ehow.com,386-438-2043
3801589862,Finn Weight,fweighton@aol.com,202-345-4492
4849868754,Barnard Bithany,bbithanyoo@sphinn.com,444-483-9317
2149887304,Marney Mariyushkin,mmariyushkinop@reuters.com,441-364-4117
6191119577,Liv Le Count,lleoq@google.de,661-250-1665
6660160639,Orlando Mullan,omullanor@yellowpages.com,409-756-1312
9703513352,Milli Gurge,mgurgeos@ifeng.com,250-758-9215
2253775924,Teodoro Soloway,tsolowayot@taobao.com,679-814-7744
792532821,Udall Bim,ubimou@issuu.com,149-143-5534
1941752055,Early Donaghie,edonaghieov@ucsd.edu,503-417-8078
889272476,Polly Bracher,pbracherow@joomla.org,343-362-1008
9159013672,Pavel Yvens,pyvensox@senate.gov,745-765-2121
7323818656,Letty Tuckie,ltuckieoy@mediafire.com,186-901-6791
6890935659,Angeli Alejandri,aalejandrioz@sourceforge.net,217-490-5120
7331430084,Marthena Ladyman,mladymanp0@deliciousdays.com,494-129-1659
8748241210,Kay Passy,kpassyp1@eepurl.com,808-477-1131
5353883594,Doreen Reinbech,dreinbechp2@mail.ru,153-927-4120
7407415153,Ram Edwicker,redwickerp3@mozilla.org,969-262-3813
1068291524,Jana Clewlowe,jclewlowep4@canalblog.com,699-317-1548
8233158682,Henrie Pfaffel,hpfaffelp5@taobao.com,470-245-4278
1524476471,Devlin Landall,dlandallp6@seattletimes.com,381-108-6826
9785980405,Standford Salters,ssaltersp7@sciencedaily.com,100-710-8609
2728777225,Annalee Craigmile,acraigmilep8@ftc.gov,479-117-8614
396454887,Lawrence Filipowicz,lfilipowiczp9@deliciousdays.com,700-582-9305
6347416573,Webb Limrick,wlimrickpa@squidoo.com,283-415-2027
569378060,Abner Aizikov,aaizikovpb@army.mil,738-614-6864
4703206501,Hallsy Drew-Clifton,hdrewcliftonpc@creativecommons.org,263-738-3480
1148998969,Ailyn Balam,abalampd@github.io,894-955-4418
1964837219,Casi Twamley,ctwamleype@phpbb.com,580-899-2926
6259426372,Jerrold Naulty,jnaultypf@admin.ch,324-990-5507
9189536029,Bobbi Yakov,byakovpg@state.gov,316-578-2842
9530388071,Brian Radnage,bradnageph@harvard.edu,662-201-0459
6690343596,Vittoria Chatters,vchatterspi@ezinearticles.com,906-960-9385
7655924066,Rosella Craighall,rcraighallpj@senate.gov,562-406-3652
6880075916,Konstantine Bedborough,kbedboroughpk@blogspot.com,258-986-8050
3356530593,Murry Colkett,mcolkettpl@51.la,693-853-4581
5527062221,Tyne Bente,tbentepm@latimes.com,183-986-7838
4803670994,Allister Kilmurray,akilmurraypn@ycombinator.com,356-555-7916
4515483323,Guthry Gergher,ggergherpo@gravatar.com,973-897-1204
4908627606,Ricky Sauter,rsauterpp@wordpress.org,317-661-1782
3633570764,Dominique Juggins,djugginspq@pcworld.com,264-656-4840
2782023497,Haskell Beamiss,hbeamisspr@nifty.com,161-355-0065
3984201621,Erminie Simoncini,esimoncinips@businesswire.com,167-925-4872
8530247477,Ealasaid Stainton,estaintonpt@slashdot.org,665-903-7729
4177442747,Angelle Foucard,afoucardpu@reverbnation.com,406-677-3812
8953848059,Pyotr Batchelor,pbatchelorpv@princeton.edu,254-829-7717
7875505631,Julia Waldrum,jwaldrumpw@paginegialle.it,664-550-6140
1050089723,Sheilakathryn Abernethy,sabernethypx@unc.edu,682-865-1133
1414851928,Shelden Sherringham,ssherringhampy@sciencedirect.com,593-472-1178
7771159273,Lucine Bazell,lbazellpz@livejournal.com,658-221-1113
7913401346,Carlye Sea,cseaq0@e-recht24.de,371-842-4219
3321408163,Elihu Guinan,eguinanq1@networksolutions.com,895-271-3396
7169658836,Hakeem Macilhench,hmacilhenchq2@usgs.gov,213-678-5452
5914782015,Galven Harries,gharriesq3@timesonline.co.uk,735-764-3911
1636727638,Link Swales,lswalesq4@cnbc.com,990-157-1250
6685980567,Alwyn Vevers,aveversq5@smugmug.com,682-480-1878
5583436166,Colan Marriage,cmarriageq6@addtoany.com,700-284-4660
1307727352,Roselia Vina,rvinaq7@printfriendly.com,880-786-8219
8006416249,Gay Russe,grusseq8@google.pl,139-834-2567
4976460231,Salli Sivior,ssiviorq9@feedburner.com,957-277-4950
4531450779,Melodie Oxbrough,moxbroughqa@1und1.de,314-712-2258
3125368529,Kristo Rimer,krimerqb@spiegel.de,319-452-8635
4719770320,Kimmy Standingford,kstandingfordqc@ucsd.edu,368-712-8429
4989532333,Betty Nolda,bnoldaqd@ehow.com,812-751-1919
5520991405,Hershel Paterson,hpatersonqe@imgur.com,629-293-1048
6314733626,Jaclin Dassindale,jdassindaleqf@smugmug.com,446-102-6130
3014971928,Konstance Hanselmann,khanselmannqg@example.com,127-690-6653
9937008050,Sydel Linde,slindeqh@reference.com,247-927-5619
8571976546,Ruttger Vassar,rvassarqi@storify.com,999-397-2102
1470791390,Malanie Baudoux,mbaudouxqj@craigslist.org,790-434-6929
6536172000,Olimpia Costley,ocostleyqk@domainmarket.com,741-960-9868
6848963216,Adelina Abbie,aabbieql@upenn.edu,401-797-4136
9071299988,Gayler Leversuch,gleversuchqm@virginia.edu,371-924-6778
1018359397,Curtis Dimmack,cdimmackqn@icio.us,781-194-0400
901038695,Aridatha Strafen,astrafenqo@addtoany.com,620-581-2824
7193955500,Ilka Millmoe,imillmoeqp@addtoany.com,670-212-2819
5624614896,Joletta Lethlay,jlethlayqq@baidu.com,789-118-8052
27106284,Amata Ashall,aashallqr@cnet.com,529-666-3951
5996535009,Burg Pien,bpienqs@scientificamerican.com,567-245-3597
5421892093,Giuseppe Maddaford,gmaddafordqt@webeden.co.uk,721-141-0395
8774572083,Nehemiah Headley,nheadleyqu@elpais.com,514-761-8034
8774844202,Miller Sanpere,msanpereqv@ucsd.edu,941-836-0107
86964461,Avrom Smorthwaite,asmorthwaiteqw@eepurl.com,910-353-2604
447096656,Morgen Kezourec,mkezourecqx@163.com,612-258-2141
6501464293,Brianne Driscoll,bdriscollqy@accuweather.com,321-795-2363
5379424937,Wallis Dunbobin,wdunbobinqz@networkadvertising.org,360-940-7208
9411561853,Arty Oliffe,aoliffer0@mac.com,772-409-9061
129938866,Krysta Mowen,kmowenr1@msu.edu,864-471-8290
1723407135,Lotte McGuffie,lmcguffier2@drupal.org,504-167-6615
5250398413,Henry Heggadon,hheggadonr3@ustream.tv,392-828-9156
9085011302,Kalindi Harvie,kharvier4@cargocollective.com,771-126-5545
7831214690,Dave Lunge,dlunger5@163.com,931-827-4706
9184285842,Marv Burridge,mburridger6@va.gov,458-616-7829
482154489,Vasily Hayto,vhaytor7@tumblr.com,504-322-7259
7635452258,Modestine Jacob,mjacobr8@bing.com,580-504-0352
5616615137,Sidnee Spehr,sspehrr9@behance.net,252-328-9190
1319674798,Aylmar Robertsson,arobertssonra@unc.edu,958-224-1797
9526273036,Beniamino Poytress,bpoytressrb@free.fr,897-852-8701
8053033326,Bren Sokill,bsokillrc@statcounter.com,667-909-8659
8368262658,Meaghan MacLardie,mmaclardierd@imdb.com,739-367-1794
9769611646,Ingelbert Tremblay,itremblayre@tuttocitta.it,568-797-6206
4461909050,Jasmine Peizer,jpeizerrf@economist.com,213-704-5635
8001684466,Graig Yaneev,gyaneevrg@wp.com,724-422-6921
8088042844,Cristiano Scaice,cscaicerh@wisc.edu,995-536-7252
5341792068,Rhys Koba,rkobari@sogou.com,763-111-7193
6326970474,Callean Bennedick,cbennedickrj@utexas.edu,533-992-0976
9727541674,Clair Cosin,ccosinrk@wix.com,521-483-6267
5055544678,Thornie Boylin,tboylinrl@who.int,404-898-8875
7418183720,Alfred Gary,agaryrm@blogger.com,135-509-4594
4446732676,Zebedee Copozio,zcopoziorn@plala.or.jp,297-394-3032
7311215471,Celinda Franceschino,cfranceschinoro@ibm.com,765-168-2724
1285268296,Cassandre Goulstone,cgoulstonerp@blogtalkradio.com,293-374-9477
4381688082,Pavla Tottie,ptottierq@earthlink.net,711-440-8295
7054652916,Fawne Methingam,fmethingamrr@sina.com.cn,216-739-3317
