58-9733614,4,single,1157,6766 Fieldstone Court,military
89-5357386,5,single,1634,5065 Browning Plaza,military
66-0633194,7,married,1090,46 Sugar Court,student
53-0770887,9,married,1949,46 Steensland Point,military
00-9986063,9,married,1800,49891 Longview Place,senior
73-6038397,7,married,1126,3 Hallows Parkway,disabled
72-3854694,10,single,1874,664 Meadow Valley Circle,student
27-3835058,6,single,1360,9462 Darwin Way,student
76-8476362,4,divorced,1684,7757 Cardinal Pass,disabled
06-9824001,3,married,1253,563 Lakewood Pass,senior
06-1243513,9,divorced,1485,7 Pankratz Circle,military
55-2826851,9,married,1488,4946 Johnson Avenue,student
27-7290025,1,married,1411,10 Upham Crossing,military
32-3943436,8,divorced,1418,1 Luster Trail,student
92-5714289,8,divorced,1046,96 Fordem Place,senior
49-8588065,3,divorced,1814,83 Oakridge Plaza,student
00-1239606,4,married,1683,84579 Erie Hill,student
39-4971281,10,married,1499,0 Armistice Hill,student
04-4071787,1,single,1362,6327 Cody Circle,student
47-2239367,1,divorced,1842,71706 Donald Pass,senior
43-0573257,5,single,1355,58 Laurel Road,military
09-7581542,5,married,1854,2007 Washington Court,disabled
75-9457180,6,divorced,1899,84314 Kropf Pass,disabled
35-0579967,4,married,1657,5 Talmadge Alley,senior
88-0900368,4,married,1512,0845 Atwood Parkway,student
97-0149363,4,divorced,1118,65748 Golf Course Pass,military
18-2319266,10,divorced,1151,2 Crowley Park,senior
79-4690780,6,divorced,1070,5941 Brown Pass,student
01-1179341,1,divorced,1723,167 Jenifer Park,disabled
53-0091729,9,married,1407,09074 Kennedy Hill,senior
85-1812245,2,married,1931,59 Chinook Terrace,military
72-1522418,4,single,1468,48982 Rutledge Alley,senior
40-5404385,5,married,1803,9 Northwestern Drive,disabled
25-9923640,5,single,1831,586 Kim Point,senior
17-9749166,7,single,1907,7390 Killdeer Street,disabled
87-2201029,6,single,1601,1 Del Mar Junction,military
20-5483991,1,single,1586,4815 Vera Center,military
41-5305197,2,single,1402,3140 Rieder Circle,senior
56-4372259,5,divorced,1959,8 Marquette Place,senior
58-6294335,8,divorced,1971,3608 Jackson Trail,military
74-0095174,2,divorced,1487,89938 Harper Hill,student
80-7741487,7,single,1334,91 Brown Place,disabled
04-2098382,3,single,1227,70 Banding Point,senior
11-2455434,2,divorced,1885,3 Elka Lane,student
20-9109800,3,divorced,1488,95 Jackson Junction,disabled
62-1178203,5,single,1805,4 Riverside Court,military
02-4601486,10,married,1144,67167 Debs Junction,senior
05-1786098,6,divorced,1479,94348 Arapahoe Crossing,student
68-7903427,1,divorced,1543,51312 Nova Court,disabled
63-9973765,9,married,1565,3365 Shopko Circle,student
73-2495100,4,divorced,1944,7411 Annamark Trail,student
36-7272676,3,single,1539,51 Buell Park,disabled
83-1744648,2,married,1183,32 Bluejay Junction,military
13-2265145,2,single,1447,119 Warbler Junction,disabled
41-2322149,8,divorced,1840,7730 Pepper Wood Plaza,student
34-1222293,10,divorced,1672,36881 Hooker Junction,military
45-3003046,5,divorced,1737,9 Carioca Center,disabled
26-5102425,2,divorced,1056,236 Londonderry Street,disabled
06-0006498,8,divorced,1025,40074 Transport Alley,military
59-5407166,8,divorced,1360,107 Doe Crossing Street,disabled
51-1186168,3,married,1141,76 Butternut Drive,senior
09-4990419,5,single,1318,52 Colorado Court,student
46-7993309,3,divorced,1759,795 Bobwhite Plaza,military
94-7134279,7,single,1324,06 Troy Drive,senior
96-4096333,3,single,1316,785 Russell Place,senior
30-7871788,8,single,1124,8 Katie Point,military
61-6779883,5,single,1240,18782 Lawn Street,student
91-7620480,9,married,1148,396 Montana Way,military
33-0546877,1,divorced,1597,94744 Monica Parkway,student
26-9068874,4,married,1030,9 Huxley Drive,senior
24-4633560,6,single,1679,5 Crescent Oaks Circle,disabled
86-0197535,7,single,1150,3682 Eastlawn Park,senior
55-8381471,3,married,1480,84 Merry Avenue,student
02-2996723,6,divorced,1638,9 Petterle Plaza,senior
71-7534196,5,married,1435,623 Erie Trail,senior
80-6506890,9,married,1928,9 Clarendon Road,military
90-5457229,3,divorced,1301,9311 Lien Avenue,disabled
49-2904411,3,married,1920,58 Marquette Parkway,military
72-1853874,9,married,1748,7350 Thompson Junction,disabled
72-8157229,4,divorced,1580,7678 Kensington Park,senior
80-4295403,2,divorced,1574,9556 Ramsey Parkway,student
74-3808263,10,married,1964,74 Transport Court,disabled
50-2751504,6,divorced,1902,3 Rieder Center,disabled
94-6465120,3,single,1784,1479 Fair Oaks Parkway,student
67-1629012,2,single,1626,24079 Memorial Trail,student
95-2534588,5,single,1008,3432 Maple Hill,military
91-4859985,8,married,1881,125 Northview Pass,disabled
24-5549128,8,divorced,1857,7 Namekagon Plaza,disabled
85-0393352,4,single,1278,3 Carberry Terrace,disabled
40-3221681,8,married,1117,26 Westerfield Point,student
71-5048390,9,divorced,1658,516 Mayfield Circle,military
38-7434064,1,married,1547,95 Dorton Park,student
10-0345530,6,divorced,1855,67724 Prentice Trail,student
44-7981907,9,single,1777,54 Randy Street,military
09-0811956,1,single,1938,89 Oxford Parkway,student
45-3591441,5,single,1759,49 Green Plaza,disabled
64-8921977,5,divorced,1515,04018 Fairview Point,military
65-7521928,3,single,1362,6 Ruskin Road,senior
79-8508848,7,married,1362,188 Bobwhite Crossing,student
11-5862431,6,divorced,1225,5 Warrior Road,disabled
94-3595206,6,divorced,1198,447 Quincy Hill,senior
98-2943275,1,married,1366,9 Scoville Road,student
27-8289994,10,married,1969,873 Amoth Point,disabled
52-1862944,8,divorced,1529,4058 Orin Alley,senior
19-1513814,3,divorced,1160,407 Lawn Junction,disabled
79-2515189,10,married,1678,19566 Lukken Hill,student
87-8961654,10,single,1403,053 Mallory Circle,military
69-8422546,5,divorced,1559,598 Luster Center,senior
03-1123570,4,married,1828,29 Chive Place,disabled
43-2045360,10,married,1243,19 Delladonna Avenue,student
41-5027788,9,single,1711,674 La Follette Street,disabled
84-2527672,4,divorced,1316,1633 Lake View Way,student
18-7545657,2,married,1233,639 Old Gate Plaza,senior
07-9508472,4,divorced,1709,93 Sunfield Court,student
31-4764399,10,divorced,1898,97483 Colorado Center,senior
07-2178477,4,divorced,1221,5038 Rowland Street,senior
77-2717545,6,divorced,1591,651 Scoville Junction,military
29-3022853,5,single,1137,91 Prentice Hill,disabled
08-4603641,5,divorced,1863,90 Ridgeway Junction,senior
01-6789676,8,single,1711,04 Debra Center,military
06-2331629,6,single,1509,65531 Lien Place,disabled
54-5673556,5,single,1919,08 Boyd Road,senior
02-5336995,8,divorced,1197,5 Sullivan Road,senior
84-8885630,3,divorced,1597,6294 Pearson Road,military
79-4184586,9,single,1037,70 Mallory Terrace,disabled
77-8332110,7,single,1640,35 Dunning Terrace,senior
79-5783921,3,divorced,1967,943 Warner Place,disabled
37-0497405,3,married,1526,760 Sauthoff Trail,disabled
44-3205010,3,divorced,1936,4596 Morningstar Lane,student
47-2325232,5,divorced,1814,727 Hansons Plaza,disabled
97-3973554,8,divorced,1127,25 Leroy Center,military
65-7098291,3,single,1098,09835 Carey Center,senior
37-6406439,3,single,1953,24069 Lukken Junction,senior
25-3044656,1,divorced,1107,14 Fordem Pass,student
55-0532620,9,married,1152,63 Barnett Street,student
77-7352461,6,married,1788,89363 Blue Bill Park Point,student
47-9952398,8,divorced,1761,97517 Talisman Point,disabled
27-7001744,1,married,1168,90 Fulton Alley,military
76-8317672,6,single,1915,286 Meadow Ridge Place,senior
13-5539733,7,single,1184,96533 Lunder Lane,disabled
14-8549013,6,divorced,1076,1873 Lake View Lane,military
91-4611602,3,married,1133,103 Annamark Plaza,disabled
82-9278754,5,single,1626,1 Pine View Circle,military
33-9293620,5,single,1868,85 Montana Plaza,military
19-2355034,3,divorced,1805,28069 Rockefeller Parkway,disabled
45-8748306,1,divorced,1525,89192 Weeping Birch Terrace,disabled
19-6642669,3,married,1661,80 Glendale Parkway,student
02-1141477,3,divorced,1786,265 Evergreen Street,student
22-4528616,4,divorced,1825,98 Monterey Road,military
51-7247739,9,married,1216,38124 Heffernan Crossing,student
03-4711435,1,married,1583,224 Bunting Lane,student
62-2052772,1,married,1218,3049 Knutson Pass,senior
74-6587411,7,divorced,1834,83 Walton Court,military
14-4712667,4,single,1208,576 Northfield Terrace,disabled
06-7748821,8,single,1259,5 Susan Court,disabled
81-0541987,7,single,1701,86 Miller Pass,student
20-1684736,2,single,1643,3 Northfield Terrace,disabled
26-5636224,7,married,1760,9705 Atwood Plaza,military
80-6799643,9,single,1285,54 Artisan Junction,senior
84-3720138,4,divorced,1107,282 New Castle Road,senior
01-7104787,8,divorced,1095,574 Parkside Road,senior
99-6749117,6,divorced,1347,9 Lien Terrace,disabled
78-5930070,3,single,1954,8518 Di Loreto Court,student
33-3196867,6,divorced,1046,22313 Helena Junction,military
91-7072106,6,married,1174,23569 Farragut Drive,military
64-0160464,4,married,1359,68082 Acker Hill,student
93-6456753,3,married,1825,32 Nelson Drive,student
84-8922619,5,divorced,1086,72 7th Center,disabled
65-5026437,7,single,1962,7 Golden Leaf Alley,student
44-2243525,3,single,1630,2 Pierstorff Alley,disabled
89-6648509,9,divorced,1120,4 Dunning Circle,student
83-5160613,2,divorced,1742,2 Derek Park,senior
11-4918886,9,married,1364,66 Sommers Plaza,disabled
48-0121967,5,single,1257,8021 Huxley Crossing,military
65-6679159,5,divorced,1632,52 Sage Terrace,senior
89-7597837,3,divorced,1749,22 Sage Terrace,military
79-0021294,3,divorced,1191,679 Colorado Terrace,student
36-0781398,8,single,1122,09 Dottie Avenue,disabled
27-2508387,4,single,1981,4 Blaine Road,student
26-7145679,1,single,1743,199 Bashford Parkway,student
67-5995278,7,single,1318,57534 Schlimgen Avenue,student
41-9121204,3,married,1821,08823 Mallory Park,senior
06-3527027,2,divorced,1789,3483 Killdeer Junction,military
53-6597851,7,single,1368,404 Di Loreto Point,disabled
64-2697691,2,single,1091,9 Schurz Road,disabled
51-2817230,2,divorced,1665,93 New Castle Pass,disabled
43-6897411,3,married,1911,333 Rockefeller Terrace,military
95-5019974,7,single,1205,71201 Mitchell Court,student
74-7826072,1,married,1938,99429 Cambridge Park,student
94-0012204,8,single,1415,98 Stang Point,disabled
23-6586565,9,married,1457,339 Nevada Drive,disabled
33-8995146,1,married,1066,4555 Northport Pass,senior
82-9625232,10,single,1387,41 Moose Plaza,student
65-3091864,7,divorced,1343,240 Maple Road,senior
03-1954189,5,married,1976,218 Hoard Lane,military
07-5358240,3,single,1533,6436 7th Trail,disabled
15-8431956,5,married,1427,14 Parkside Drive,disabled
26-6208861,5,divorced,1456,444 Calypso Way,student
59-4427131,6,married,1942,86870 Lillian Point,disabled
91-3707196,6,married,1702,95431 Brentwood Alley,student
68-3464343,5,single,1739,70 Tomscot Way,student
23-0641935,9,married,1362,6329 Pearson Circle,senior
87-7237678,9,divorced,1662,63088 Milwaukee Drive,senior
51-2013633,8,single,1889,27846 Pond Place,disabled
99-1486025,5,divorced,1733,047 School Drive,disabled
41-4083612,1,divorced,1327,05 Magdeline Road,student
57-7212728,8,married,1420,0669 Aberg Center,disabled
66-8552462,6,married,1859,4 Petterle Alley,student
68-0801390,8,divorced,1587,26 Arizona Terrace,student
07-8449188,5,single,1895,776 Thackeray Alley,senior
64-8522914,8,single,1446,49297 Hauk Parkway,disabled
80-0196531,7,single,1718,99 Eastlawn Road,disabled
70-4419839,2,married,1671,69801 Birchwood Crossing,military
64-0963212,3,divorced,1329,162 Meadow Ridge Trail,student
86-0529150,2,single,1373,6 Farmco Park,student
01-9656471,5,single,1767,6484 Buena Vista Road,military
88-2698640,2,single,1306,25747 Carey Court,military
97-7903973,7,divorced,1792,974 Village Crossing,military
28-5709954,6,divorced,1053,552 Bellgrove Lane,student
91-8430353,4,single,1038,90312 4th Trail,senior
62-3745830,8,single,1977,5 Raven Junction,senior
01-5207040,3,divorced,1250,741 Dawn Lane,disabled
16-7066119,9,divorced,1574,1244 Eastlawn Street,military
79-8438403,2,divorced,1820,46 Eagle Crest Terrace,disabled
73-7680445,2,divorced,1907,70 Westport Trail,senior
12-5878524,9,single,1806,386 Summerview Parkway,student
31-8108661,5,single,1085,7580 Spenser Road,military
19-9131117,7,single,1544,4 Lukken Way,senior
94-9315759,9,divorced,1232,777 Norway Maple Terrace,student
67-3168204,6,divorced,1369,6634 Goodland Alley,student
34-4517423,7,single,1221,85679 Mifflin Way,student
28-1323207,7,single,1855,2210 Derek Parkway,disabled
34-3206423,4,single,1575,03584 Carey Junction,disabled
97-7499012,9,divorced,1142,14 Russell Point,disabled
57-6439705,1,single,1844,4 Lyons Alley,student
55-6997565,7,single,1003,98230 Mosinee Park,senior
71-4389530,5,divorced,1316,7 Prairie Rose Lane,military
30-2066611,1,divorced,1063,6426 Becker Junction,student
19-0056397,7,married,1218,7 Dawn Plaza,senior
13-3493993,7,single,1547,6 Buell Junction,disabled
77-8258352,6,single,1477,062 Boyd Way,disabled
01-3427914,4,married,1708,8314 West Drive,military
18-8144531,2,married,1036,52342 Becker Pass,military
03-8818713,9,single,1247,1 Dwight Center,disabled
88-1434796,3,married,1293,68 Bartelt Park,senior
70-1396397,9,divorced,1370,993 Emmet Hill,military
41-6138224,10,single,1167,6701 Nobel Park,military
52-5884456,7,married,1506,89 Forster Street,military
84-3968823,7,single,1317,8 Hoepker Junction,student
43-2552187,8,divorced,1352,90 Lakeland Center,senior
68-3015945,7,single,1817,230 International Park,military
62-1635915,6,single,1100,109 Sundown Terrace,military
76-9557671,3,divorced,1028,7318 Sugar Point,military
17-2710136,5,divorced,1599,01404 Scott Terrace,disabled
24-0399079,7,divorced,1577,2 Blackbird Drive,senior
35-3000491,4,single,1240,711 Reindahl Place,disabled
41-0745260,10,single,1772,1395 2nd Pass,disabled
92-5989660,3,married,1016,7 Porter Point,student
40-9634625,7,single,1114,7095 Dixon Hill,disabled
60-2343276,5,single,1821,274 Atwood Crossing,senior
71-6335495,10,single,1186,87 Cody Avenue,student
24-4113978,6,single,1339,3 Sycamore Trail,military
77-3859405,4,married,1443,08 Eagle Crest Center,military
91-7886128,10,single,1785,685 Killdeer Avenue,disabled
62-3743588,10,divorced,1273,3120 Golden Leaf Park,student
25-1662172,4,married,1123,0549 Forest Dale Point,senior
39-9167115,9,single,1949,84777 Old Shore Way,student
28-3271108,8,single,1310,76850 Goodland Hill,disabled
51-5694460,8,divorced,1721,1753 Carpenter Point,senior
65-6762665,7,single,1221,98610 Shelley Center,senior
91-1686906,8,divorced,1628,43469 Rockefeller Drive,senior
89-0294610,1,married,1928,49 Brickson Park Hill,student
85-8829429,1,divorced,1507,5971 Dunning Plaza,student
50-8121153,6,married,1015,68 Kings Avenue,student
74-9944143,7,single,1899,2635 Debs Park,military
37-7403932,9,single,1066,13 New Castle Road,senior
77-7004016,4,married,1881,9745 Loeprich Parkway,student
60-6403030,3,divorced,1077,0461 Green Hill,student
10-1333205,2,divorced,1154,7110 Ludington Park,disabled
59-5493700,5,married,1996,1 3rd Avenue,student
55-3614681,8,divorced,1546,3 Welch Point,military
40-5464360,10,married,1847,66 Bunting Way,student
31-5001530,1,divorced,1992,700 Gulseth Lane,military
83-4644154,8,single,1153,9251 Butterfield Circle,student
13-0977494,5,divorced,1691,27714 Moose Plaza,student
72-4330104,3,single,1918,66490 Londonderry Avenue,disabled
68-9629907,5,married,1170,77 Bartillon Hill,military
56-7035593,4,divorced,1004,320 Sachtjen Court,disabled
14-7424179,4,divorced,1755,29250 Brickson Park Pass,student
43-5719294,6,divorced,1743,9776 Anhalt Circle,student
96-9413816,7,married,1427,6 Steensland Way,senior
70-8304161,8,married,1398,46488 Chive Way,disabled
64-7747970,6,married,1428,412 Meadow Valley Parkway,student
00-2303603,9,married,1989,79787 Butternut Terrace,military
22-4697713,10,married,1279,34403 Thackeray Alley,student
16-1276319,5,married,1910,78 Dwight Way,senior
92-5584675,6,married,1635,7022 Merry Plaza,student
72-2979700,6,divorced,1191,49739 Graceland Road,student
35-9074004,10,single,1099,5155 Arapahoe Plaza,senior
46-7808153,4,divorced,1374,0957 Bobwhite Drive,student
48-7748857,1,married,1781,31 Bobwhite Terrace,student
53-2456681,8,single,1245,95633 Caliangt Terrace,senior
49-8684141,1,divorced,1127,529 Bluejay Parkway,disabled
04-3302383,4,divorced,1251,064 Fieldstone Street,disabled
14-9093009,7,divorced,1784,728 Manley Point,senior
44-0720777,5,divorced,1793,1 Memorial Way,military
98-3389554,7,single,1936,7954 Mosinee Alley,student
17-4460679,8,single,1532,60 Norway Maple Avenue,military
12-0973493,8,married,1896,293 Northfield Place,student
89-9587704,1,single,1254,1493 Moose Center,disabled
80-0797140,7,single,1626,1 Ludington Center,military
22-5759838,6,single,1035,75 1st Center,senior
87-6620620,10,single,1294,740 Troy Plaza,student
99-1271496,4,single,1988,781 Transport Parkway,disabled
04-0944888,9,single,1425,99 Chinook Point,military
68-3036608,7,single,1488,54 Talmadge Point,military
69-6085558,3,married,1587,0 Badeau Lane,senior
68-8359193,5,single,1527,894 Coleman Avenue,senior
81-1248802,2,married,1886,02 Thierer Terrace,senior
07-8469557,9,divorced,1601,8443 Forest Dale Terrace,military
86-4653160,7,married,1002,70155 West Hill,military
04-7036458,10,divorced,1646,88 Superior Trail,student
26-6128958,8,single,1492,10 Sherman Plaza,military
50-4881917,7,single,1534,343 Jay Hill,disabled
95-2550622,8,single,1137,11 Sycamore Alley,student
87-6287521,3,married,1276,63486 Green Parkway,student
97-8749009,4,married,1533,22 Westend Point,student
82-0107857,2,single,1462,41387 Nevada Hill,military
47-4007197,5,single,1092,30 Derek Avenue,senior
34-0307705,4,married,1145,0515 Moland Parkway,student
29-6564534,10,divorced,1512,64 Browning Crossing,student
49-2384291,5,divorced,1638,11 Elka Trail,senior
99-0670899,5,divorced,1632,6883 Gateway Drive,senior
29-4514111,6,single,1956,0 Hoard Junction,disabled
14-0607778,9,divorced,1989,438 Randy Street,student
36-3874721,9,married,1770,4 Oak Valley Trail,senior
96-9649771,5,divorced,1015,50490 Ridgeview Road,senior
89-3841515,7,divorced,1661,57674 Transport Park,disabled
66-1265109,5,single,1243,3 Delladonna Way,military
77-0195776,1,married,1041,152 Boyd Avenue,student
44-0327677,1,divorced,1005,51964 Prairie Rose Point,student
68-9238856,1,divorced,1232,4 Dakota Center,student
52-1169637,3,married,1997,77600 Loeprich Drive,senior
04-6865043,6,married,1920,080 Bultman Way,student
06-2587188,6,married,1460,2377 Luster Way,disabled
15-8898498,6,single,1056,537 Schmedeman Plaza,disabled
27-6028823,3,single,1269,5884 Gina Circle,senior
82-9232377,9,single,1661,0 Warbler Plaza,disabled
11-0946863,5,divorced,1953,911 Hooker Crossing,student
61-9127684,1,single,1710,8451 Acker Way,disabled
83-3160872,6,divorced,1260,08 Bowman Drive,senior
95-1791782,5,divorced,1125,033 Vernon Road,senior
80-1265300,3,single,1566,535 Reindahl Hill,senior
70-1465131,6,single,1924,61726 Johnson Place,senior
62-5630182,4,divorced,1695,24925 Thierer Plaza,student
40-4277082,9,single,1032,850 Arrowood Circle,student
73-2249194,8,divorced,1140,8 Florence Crossing,disabled
48-2195125,5,single,1623,3067 Kim Hill,disabled
57-7686007,8,single,1466,13014 Golf Course Court,disabled
96-3637950,6,divorced,1677,784 Onsgard Parkway,military
43-9180095,1,divorced,1633,36899 Di Loreto Point,disabled
25-1741809,9,married,1252,2761 Wayridge Street,senior
62-0672692,5,married,1157,70355 Johnson Center,senior
24-4349287,6,single,1685,1448 Kipling Point,military
64-5946768,2,married,1453,76885 Elmside Parkway,military
68-5602519,10,divorced,1793,876 Debs Court,senior
88-5254881,3,single,1477,41486 Tomscot Alley,disabled
87-4259762,4,single,1961,8864 Swallow Alley,military
37-0873547,5,married,1592,19302 Petterle Lane,disabled
35-3685132,2,single,1072,8660 Cambridge Crossing,senior
38-7234278,8,divorced,1135,15 Riverside Lane,senior
49-3399394,6,divorced,1295,8 Portage Parkway,senior
90-7721123,9,divorced,1786,763 Havey Hill,military
87-3285288,2,single,1494,6984 Merrick Point,student
66-2799599,6,divorced,1081,62201 Armistice Court,student
26-6932308,1,single,1152,31079 Welch Center,disabled
67-6394513,6,divorced,1127,425 Hudson Lane,student
94-1618280,5,married,1336,2 Sommers Way,disabled
95-3931474,10,single,1278,936 Ramsey Avenue,student
92-3017767,7,single,1184,963 Arrowood Hill,senior
02-2490270,3,single,1252,439 Hagan Place,disabled
91-4511460,1,married,1888,2 4th Place,disabled
16-6219451,6,single,1850,18 Pawling Parkway,disabled
45-1118636,2,single,1204,7940 Farwell Point,military
02-8107440,10,divorced,1915,20881 Dixon Center,senior
89-3632383,4,divorced,1270,7731 Cordelia Lane,disabled
29-8499594,6,divorced,1560,38 Nancy Point,student
88-1934826,7,single,1626,94313 Banding Plaza,disabled
05-5525563,7,single,1607,8954 Main Crossing,senior
34-1764907,7,divorced,1588,7167 Burning Wood Lane,student
39-6846300,8,married,1814,435 Anderson Avenue,military
37-3965628,9,single,1136,60 Mockingbird Center,student
55-3493785,6,married,1926,43 Loftsgordon Pass,student
36-3325433,6,divorced,1940,31 Thackeray Crossing,military
88-8041480,3,single,1301,68415 Emmet Park,student
66-9375486,5,married,1255,0141 Truax Court,disabled
76-3684455,6,married,1281,16 Shopko Way,student
77-0561382,4,divorced,1078,408 Hanson Terrace,disabled
84-0791611,10,married,1528,5 Colorado Park,senior
31-7733153,6,divorced,1953,0 Talmadge Way,student
04-1155165,2,single,1759,2775 Hintze Drive,military
84-4588216,7,single,1506,54852 Manley Drive,senior
27-6752746,4,single,1332,3869 Alpine Hill,disabled
40-5371288,4,single,1610,692 Pond Lane,senior
13-0859849,1,divorced,1152,60008 Lakewood Circle,disabled
74-6133275,6,divorced,1795,30993 Golf View Center,senior
90-7729000,9,divorced,1690,8224 Hansons Park,disabled
52-0880121,3,divorced,1637,0572 Laurel Lane,student
83-0415823,5,single,1223,2828 Stuart Trail,disabled
40-7624986,9,single,1919,05749 Magdeline Plaza,student
86-3959552,9,married,1159,827 Novick Park,senior
75-5134751,1,divorced,1024,6366 Superior Point,disabled
01-3694361,8,divorced,1160,8 Heath Center,disabled
99-3620726,7,single,1746,34810 Kensington Street,student
12-1762008,6,married,1743,29 Longview Point,disabled
41-6924109,6,single,1877,24100 Westport Lane,military
10-3586231,8,married,1418,1 Browning Place,disabled
56-0685853,5,divorced,1491,7 Mitchell Alley,senior
99-5130569,10,single,1691,8441 Park Meadow Junction,senior
82-6427999,1,single,1455,540 Spenser Center,military
06-3132799,5,divorced,1510,80 Donald Avenue,student
36-4740293,1,divorced,1699,113 Calypso Court,senior
62-7324416,4,divorced,1127,75 Brickson Park Court,military
77-6436430,7,single,1955,4349 Banding Parkway,student
29-4836606,1,married,1293,7 Pierstorff Trail,military
93-0658675,10,married,1672,012 Hermina Avenue,disabled
85-1437300,1,married,1477,5820 Fair Oaks Crossing,senior
41-5686455,2,single,1965,0 Straubel Terrace,disabled
89-4545149,6,single,1297,91 Wayridge Lane,senior
14-0090795,9,single,1661,1 Northwestern Terrace,disabled
19-8487487,2,divorced,1771,29 Porter Street,student
02-9853534,9,married,1265,31610 Jackson Plaza,military
02-0032601,10,divorced,1563,0704 Twin Pines Lane,senior
83-1866544,3,divorced,1616,997 Norway Maple Pass,senior
01-3407629,8,divorced,1172,282 Hanson Terrace,senior
10-8249884,9,single,1334,1746 Miller Circle,military
67-6319177,10,single,1231,79913 Sachs Lane,student
71-2552359,3,divorced,1505,0284 Vernon Hill,student
10-8579735,7,single,1792,53 Hanover Place,disabled
46-7818133,7,married,1320,9 Corscot Park,military
46-4474362,7,single,1142,8040 Merchant Center,senior
27-9524027,4,married,1261,64430 Carberry Street,senior
74-3347608,8,married,1571,54186 Moose Hill,senior
01-1708117,1,married,1657,960 Loeprich Avenue,student
87-5789589,5,single,1499,12857 Sullivan Plaza,military
60-7657157,6,divorced,1542,1 Reinke Trail,senior
56-7335645,4,divorced,1718,06 Haas Drive,military
56-6289066,8,divorced,1056,6244 Golf Center,disabled
62-0279745,5,divorced,1980,1 Redwing Center,senior
71-9917257,4,single,1801,33666 Debs Lane,senior
70-3852809,8,divorced,1903,2 Gulseth Point,disabled
31-6143085,3,single,1637,9783 Bartelt Crossing,military
27-6913615,4,married,1052,45860 Maryland Trail,military
87-2859708,7,married,1094,44 Dovetail Trail,disabled
07-1462404,8,single,1442,04 Charing Cross Center,military
03-8424466,10,single,1070,8773 Kings Drive,student
49-5764791,9,divorced,1713,519 Loomis Way,senior
93-9928021,5,married,1188,55682 Artisan Junction,disabled
22-8088172,7,married,1232,26210 Cody Plaza,student
94-5763978,7,divorced,1159,82 Farwell Avenue,disabled
05-8873420,8,divorced,1873,038 Cody Court,student
49-3307546,1,divorced,1647,01 Corry Pass,senior
42-8689617,10,divorced,1231,964 Hintze Court,disabled
26-2030730,7,single,1250,0236 Kipling Trail,disabled
65-3016909,10,married,1464,6 West Road,military
03-5626238,9,single,1499,2 Loeprich Crossing,student
84-3696781,3,divorced,1490,7014 Wayridge Point,senior
45-3603522,7,married,1123,80424 Monterey Lane,senior
44-0822946,2,divorced,1188,3922 Kropf Park,military
94-0478654,8,single,1160,464 Waubesa Court,senior
35-6857590,2,single,1008,31352 Golf Parkway,senior
07-3525431,2,single,1735,35 Fieldstone Avenue,senior
02-9366092,9,single,1651,7 Spaight Terrace,senior
65-7967355,8,single,1908,88577 Bartillon Way,senior
22-2487531,8,married,1665,08472 Summerview Street,disabled
06-0100446,10,single,1745,3 Mcbride Way,military
69-1993942,10,divorced,1713,843 Sauthoff Alley,disabled
29-5558777,9,married,1929,2 Glacier Hill Court,disabled
04-7570093,9,married,1426,7 Mosinee Point,military
55-0986662,10,divorced,1757,5411 Orin Street,senior
50-9744875,10,married,1137,81 Summit Center,senior
94-7862578,8,single,1266,42 Algoma Alley,disabled
88-0325357,2,single,1212,59516 Michigan Avenue,disabled
10-1987503,7,single,1536,751 Rutledge Plaza,military
81-1188567,6,single,1903,05 Sage Crossing,senior
80-3222404,4,married,1535,565 Almo Place,military
87-3473763,3,married,1408,753 Evergreen Center,disabled
44-1681248,6,married,1010,99 Wayridge Place,disabled
69-6124980,4,married,1668,80052 Bartelt Circle,senior
83-3480540,10,divorced,1246,89891 Forster Circle,student
40-3980068,6,divorced,1695,07422 Johnson Center,senior
67-7680634,7,divorced,1360,9 Barby Trail,senior
90-0213220,8,single,1461,6437 Doe Crossing Trail,disabled
60-7272056,3,single,1540,576 Stone Corner Hill,military
97-9895022,4,married,1780,48445 Elmside Plaza,disabled
73-1556246,8,married,1576,49 Shelley Crossing,senior
37-7275607,4,divorced,1389,73 Center Crossing,senior
84-1916157,8,single,1349,7393 Arizona Lane,disabled
01-7590565,5,divorced,1270,349 Shelley Place,disabled
92-6971471,9,single,1902,62 Forest Junction,military
62-9886677,8,divorced,1552,72995 Hazelcrest Point,senior
60-4252325,4,married,1379,24358 Mandrake Avenue,military
46-5978698,9,divorced,1805,04 5th Junction,military
70-5532910,7,single,1251,27 Anderson Hill,military
86-8780458,3,single,1754,613 Clove Crossing,disabled
32-7631353,1,divorced,1099,394 Arizona Pass,disabled
15-7131569,1,single,1861,3673 Jana Pass,senior
22-9299546,5,married,1685,810 Old Shore Plaza,student
65-7918581,8,divorced,1258,10597 Pine View Court,military
25-3655435,3,single,1883,82593 Maple Wood Park,disabled
67-2110248,10,divorced,1313,727 Almo Terrace,student
93-2925224,6,married,1615,54 Di Loreto Court,disabled
42-9632504,6,single,1539,672 Columbus Court,senior
29-4895767,10,married,1856,3884 Bay Road,disabled
49-7357287,6,single,1060,76 American Place,disabled
33-6029234,1,divorced,1604,30 Carberry Avenue,senior
23-3253768,1,married,1084,15 Brickson Park Hill,senior
44-1441234,5,single,1562,82744 Gateway Parkway,senior
38-9240542,10,married,1989,06053 Sundown Trail,senior
97-8032875,3,married,1862,91003 Welch Avenue,senior
37-4151079,7,married,1668,5 Vernon Terrace,disabled
05-2268921,7,married,1625,22655 Bultman Point,student
15-6327276,5,married,1270,8 Northview Center,senior
28-2395403,3,single,1819,0 Northfield Park,military
94-1671154,7,single,1917,38 Graedel Alley,senior
79-3039177,10,divorced,1347,81588 Roth Avenue,military
56-5633364,1,divorced,1590,9 Chinook Place,senior
87-4602045,2,single,1249,590 Toban Plaza,military
64-6737659,2,married,1606,587 Golden Leaf Avenue,military
42-4145882,1,single,1973,93984 Delaware Hill,military
86-8001998,8,divorced,1934,4 Waxwing Court,disabled
51-9596121,3,single,1704,4 Nelson Drive,military
26-5559341,8,single,1080,81957 Barnett Crossing,student
54-0084239,8,divorced,1269,232 Spohn Road,senior
01-2564525,10,single,1425,7 Trailsway Park,student
59-1023422,10,single,1876,8 Luster Avenue,student
55-8210119,9,married,1155,87758 Sherman Lane,senior
71-7649350,10,married,1925,84684 Marcy Street,military
79-1969541,6,married,1123,3308 Chive Hill,disabled
64-2708177,5,single,1414,78 Drewry Avenue,disabled
64-4138375,7,single,1998,598 Division Junction,student
60-9355368,1,divorced,1199,76 Lerdahl Parkway,military
09-6691864,4,married,1074,49387 Westport Street,disabled
83-1859468,8,single,1288,8 Carberry Hill,military
58-2465751,4,divorced,1653,781 Mccormick Court,student
55-1204102,3,married,1641,418 Jackson Road,military
40-4882872,8,married,1159,9 Loeprich Court,disabled
43-3871348,2,divorced,1899,9 Anzinger Pass,student
16-4625943,10,married,1582,062 Pine View Court,disabled
66-4462336,5,married,1018,644 Graceland Hill,senior
51-1957628,9,divorced,1924,94196 Michigan Hill,senior
84-5225620,3,married,1554,1 Atwood Drive,student
56-0020401,1,divorced,1217,72278 Lighthouse Bay Lane,disabled
01-7458548,2,married,1207,1 Doe Crossing Place,senior
31-9598428,10,single,1291,13623 Kennedy Lane,disabled
53-8297125,3,divorced,1606,41289 Menomonie Crossing,student
16-4802391,5,divorced,1713,470 Hermina Avenue,student
54-0777909,7,divorced,1879,8 Crownhardt Lane,senior
52-6566765,5,divorced,1535,7 Everett Way,senior
80-2109725,5,single,1221,37 Huxley Circle,student
09-4920432,1,single,1302,1 Stuart Alley,student
38-1977228,2,divorced,1533,25 Dryden Road,senior
02-9716053,3,single,1506,269 West Hill,senior
68-9027899,7,divorced,1111,419 Melody Road,senior
21-9836727,1,single,1764,83406 Lotheville Street,disabled
46-9572394,7,single,1578,379 Farragut Alley,disabled
41-9115448,2,divorced,1186,5 Corben Court,military
82-2079887,3,divorced,1286,932 Kinsman Lane,disabled
09-6452327,3,married,1911,78283 4th Hill,student
24-6823906,5,married,1136,673 Eastwood Point,student
51-6992410,5,married,1665,34600 Old Shore Crossing,disabled
07-5167946,2,single,1009,151 Dunning Drive,senior
65-1675940,3,married,1473,53 Melrose Crossing,senior
88-3490780,5,married,1385,7290 Cordelia Drive,disabled
65-3758029,10,divorced,1801,01 Dryden Alley,military
98-3236991,4,divorced,1785,97087 Lawn Point,disabled
22-0143826,6,single,1580,0 Pleasure Center,senior
75-3414448,7,divorced,1526,4376 Florence Park,disabled
22-4087191,2,single,1957,17 Comanche Junction,military
29-9801614,2,single,1887,008 Scott Pass,military
17-8395571,2,divorced,1933,29 Caliangt Court,military
20-3073014,4,single,1470,7694 Morrow Parkway,student
15-1571649,10,single,1653,8 Pepper Wood Terrace,disabled
20-2402559,3,married,1756,799 Loomis Center,student
47-0155586,4,divorced,1440,3 Coleman Avenue,student
53-8732586,8,divorced,1722,5053 Ramsey Alley,student
89-3407524,10,divorced,1596,52595 Crest Line Lane,senior
63-0490567,6,divorced,1676,84 Eliot Lane,disabled
70-9138037,10,married,1538,0 Heath Pass,disabled
50-0556824,3,single,1329,48 Northwestern Alley,military
75-1526235,10,single,1455,5 Stang Place,senior
79-2780880,4,divorced,1284,48 Ryan Crossing,student
76-7488648,6,divorced,1538,41349 Hooker Drive,military
35-6493213,3,married,1202,4 Armistice Court,student
49-0144109,8,divorced,1584,90415 Kedzie Crossing,senior
42-5321550,7,married,1933,58 Emmet Place,disabled
49-6437606,7,single,1228,44 Mcguire Center,disabled
88-6924854,4,single,1422,79568 Mitchell Street,disabled
60-0909732,2,single,1623,25506 Packers Plaza,student
53-8657933,2,single,1251,73 Iowa Terrace,senior
35-0413520,2,married,1086,73 Old Gate Trail,student
35-3287508,1,married,1966,555 Mockingbird Pass,military
60-7051441,8,married,1590,262 Buell Crossing,student
93-0346008,5,single,1015,0 Garrison Court,disabled
39-8663023,3,divorced,1202,57106 Hintze Center,military
39-6770447,10,divorced,1575,6018 Shasta Center,military
97-6277384,1,divorced,1924,852 Sheridan Junction,senior
30-3642140,1,single,1247,6 Troy Lane,senior
70-0823642,8,married,1375,19624 Monument Terrace,disabled
30-2704840,10,single,1618,1687 Veith Road,student
66-1937378,9,married,1032,47 Schmedeman Street,military
16-7083206,9,married,1334,1916 Eastwood Drive,student
52-6649635,4,divorced,1276,32671 Ohio Drive,military
90-5894213,6,divorced,1788,8539 Ruskin Place,military
59-8627687,1,single,1169,3 Anthes Terrace,disabled
17-7946137,7,single,1666,470 Grasskamp Hill,military
02-7711823,5,married,1687,1 Briar Crest Junction,military
70-7296861,8,married,1414,0039 Clyde Gallagher Hill,disabled
00-1044144,2,divorced,1926,1413 Saint Paul Point,disabled
32-6099604,8,married,1306,75940 Muir Point,military
71-3610358,8,divorced,1679,38858 Johnson Park,senior
79-0772604,1,single,1944,281 Kipling Junction,senior
95-6981537,6,single,1794,9061 Grover Point,disabled
63-1393087,4,divorced,1825,68208 Merry Pass,military
88-9530565,9,married,1431,79 Badeau Crossing,military
64-4807225,4,married,1660,9 Hollow Ridge Pass,senior
82-5746304,5,divorced,1059,1496 Fairfield Center,senior
79-8665543,5,single,1998,29 Corry Plaza,student
38-5208878,5,divorced,1205,09 Northridge Point,senior
85-6886375,1,married,1415,19 Victoria Road,senior
88-4955339,2,divorced,1701,0679 Kensington Road,student
84-1248077,10,single,1055,07252 Valley Edge Parkway,student
40-2167569,8,divorced,1620,1 Maywood Hill,disabled
02-3525091,6,single,1842,98 Park Meadow Place,student
02-8134523,6,married,1842,9570 Warner Crossing,military
81-6004936,6,married,1605,2 Glacier Hill Terrace,student
39-5863405,3,single,1782,4 Troy Road,senior
08-0345208,3,single,1347,7 International Court,military
40-7226979,5,single,1042,465 Pepper Wood Road,senior
18-8196331,3,married,1785,82799 Paget Crossing,student
65-7002839,2,married,1620,31 Sunfield Circle,student
11-8426952,8,divorced,1848,3271 Hanson Alley,senior
92-8154618,1,single,1538,0484 Eagan Pass,senior
82-9318836,2,single,1196,715 Morning Drive,student
98-7578258,1,single,1869,3661 Arrowood Road,senior
28-4837948,9,single,1252,283 Charing Cross Avenue,military
39-4037582,1,married,1908,75392 Maryland Lane,military
75-4331921,10,single,1498,359 Mallard Road,military
01-4736897,3,married,1878,96 Susan Court,disabled
95-3123658,1,married,1830,151 Buena Vista Junction,student
57-2121553,8,divorced,1347,38 Pankratz Crossing,student
88-1573754,3,married,1167,33 Sauthoff Way,senior
06-6517257,3,divorced,1059,05 Hovde Center,military
58-7268859,5,married,1772,6 Montana Place,military
99-5258978,1,single,1562,05869 Fuller Hill,military
63-7647380,9,divorced,1204,46 Rigney Drive,disabled
50-4317092,10,married,1173,48 Laurel Terrace,military
17-9511377,4,divorced,1322,43 Toban Parkway,student
56-7935566,9,single,1463,3 Milwaukee Point,disabled
83-2893317,10,divorced,1319,82 Beilfuss Plaza,disabled
41-2440240,1,divorced,1340,99215 Warbler Center,student
37-2078887,5,divorced,1556,85985 Sullivan Plaza,disabled
39-5208225,1,married,1489,80 Glacier Hill Trail,student
53-3896433,10,married,1449,32 Lunder Street,disabled
66-3587958,2,single,1225,37915 Banding Junction,military
77-1104083,7,married,1574,017 Anthes Pass,disabled
36-0551317,1,divorced,1344,68 Pine View Street,military
79-8022154,6,single,1693,65031 Butternut Hill,student
56-0502494,10,single,1423,03255 Calypso Drive,military
84-0038370,2,single,1153,8702 Morningstar Street,senior
99-9282712,10,married,1944,31 Morningstar Circle,military
12-8052165,8,married,1168,1505 Grim Hill,student
42-6791634,2,single,1677,71323 Quincy Parkway,disabled
68-9630998,3,married,1449,59 8th Avenue,senior
45-4631320,6,divorced,1395,468 Ridgeview Junction,disabled
92-0311442,7,divorced,1004,67035 1st Drive,senior
24-8849804,7,single,1570,25 Kinsman Street,disabled
20-4751668,8,married,1520,75 Graedel Crossing,military
65-4228553,1,single,1768,388 Hovde Lane,disabled
12-1419685,4,married,1034,60 Heffernan Park,senior
30-6072466,7,single,1867,31 Di Loreto Alley,military
82-2638018,7,married,1647,212 Hooker Way,disabled
67-8483897,4,divorced,1479,48 Buell Alley,military
94-2279404,7,married,1229,49 Crowley Center,military
13-6374935,6,married,1616,6948 Karstens Terrace,student
38-4076729,8,married,1905,50924 Johnson Road,senior
23-0749372,1,single,1580,2394 Pine View Circle,student
86-2214005,1,divorced,1553,4266 Almo Hill,senior
14-1303624,8,single,1510,3 Blue Bill Park Street,disabled
51-1382413,4,divorced,1227,93497 Carey Street,disabled
54-3104196,1,divorced,1930,4 Lien Junction,senior
33-6201410,3,single,1824,7 Delaware Avenue,student
58-3063583,6,divorced,1897,10 Eastlawn Park,student
09-5739239,7,divorced,1927,5 Fisk Point,disabled
06-8652455,4,single,1282,71 Darwin Drive,senior
62-7984138,1,married,1854,943 Bobwhite Center,military
04-2473126,3,single,1599,3 Garrison Plaza,military
99-9400191,5,single,1152,92 Longview Crossing,military
97-3968609,5,married,1265,84 Sachs Junction,student
23-8561145,3,divorced,1607,4271 Veith Hill,military
89-8644938,6,single,1048,809 Karstens Drive,senior
69-7732601,8,single,1969,89882 Truax Avenue,disabled
89-5358996,1,married,1164,2962 Stone Corner Parkway,student
91-9043081,6,married,1106,4346 Sommers Drive,senior
54-8724740,6,divorced,1406,29696 Fulton Junction,student
85-2353460,1,married,1834,7 3rd Pass,senior
98-4234081,1,single,1096,7152 Redwing Plaza,military
06-0184452,3,single,1425,7 Prentice Plaza,disabled
99-2425366,3,single,1771,35826 Menomonie Alley,military
76-9698309,9,divorced,1198,691 Melody Avenue,military
12-9224181,4,single,1249,9636 Killdeer Way,military
51-8725318,5,married,1585,35314 Moose Place,military
32-2447561,2,married,1360,6 Trailsway Junction,disabled
59-3458104,1,married,1552,1638 Maple Wood Alley,student
09-4794460,7,married,1748,1 Independence Place,disabled
11-3099837,10,single,1933,46106 Mandrake Alley,student
91-0075259,6,married,1476,06 Oneill Center,senior
43-0839875,4,married,1644,67 Morningstar Terrace,student
49-8905913,4,single,1794,47304 Paget Pass,student
33-5366305,7,divorced,1239,6 Burrows Junction,disabled
99-9270144,10,divorced,1224,297 Becker Lane,disabled
94-6582996,4,married,1858,9 Manitowish Place,military
99-8671575,4,married,1948,52 Steensland Crossing,student
35-4836184,6,married,1100,6693 Vidon Lane,student
44-9361810,6,divorced,1919,995 Kim Way,senior
25-3399164,6,married,1056,395 Portage Plaza,military
01-9559434,5,divorced,1612,3 Acker Junction,military
54-7176571,5,single,1200,89961 Portage Court,senior
00-2508799,2,divorced,1628,9 Dahle Trail,senior
53-7681284,6,married,1827,836 Darwin Avenue,senior
02-8165301,6,divorced,1212,49 Pearson Place,student
84-1044114,6,single,1362,1659 Coolidge Terrace,military
88-1456557,6,married,1079,89782 Maple Wood Hill,military
58-0970855,7,married,1642,6 Merchant Circle,disabled
12-2744690,6,divorced,1498,60 Hanover Point,military
35-3541003,10,married,1065,7 Fallview Way,student
94-8790357,9,married,1619,024 Express Avenue,military
40-6828611,3,married,1194,16625 Thierer Alley,student
53-3285221,10,married,1335,378 Grayhawk Trail,disabled
93-5335682,4,divorced,1870,9688 Judy Park,military
83-5975324,10,divorced,1326,86 Manley Terrace,senior
86-7343295,4,divorced,1502,96924 Valley Edge Road,military
86-0135399,4,married,1886,97 Springview Alley,disabled
61-1070510,6,divorced,1246,94 Scofield Plaza,military
84-6490579,9,married,1269,827 Oxford Junction,student
37-9865396,9,divorced,1174,91 Jenifer Road,military
65-1431422,4,married,1833,7061 Prairieview Crossing,student
23-8836650,1,divorced,1390,77003 Jackson Road,disabled
21-4798561,6,single,1322,50746 Ruskin Alley,disabled
53-8449051,3,married,1499,0 Harbort Court,military
85-2277703,3,single,1866,901 Rowland Alley,senior
72-6996672,4,married,1012,3 Commercial Place,military
09-9046824,3,single,1011,63 Maywood Pass,student
69-0285578,8,single,1961,2 Roxbury Junction,disabled
51-3205271,7,married,1559,18 Menomonie Alley,disabled
45-0267457,1,divorced,1842,17 Service Center,military
72-2635024,2,married,1100,158 Meadow Valley Crossing,military
11-1399321,8,single,1520,3403 Vernon Park,senior
50-1189045,4,single,1299,098 Westport Hill,military
72-5943113,3,married,1453,022 Mcguire Drive,senior
04-5385116,4,divorced,1015,2 Bellgrove Circle,military
22-6138079,9,single,1007,3 Daystar Center,military
77-5797294,7,divorced,1176,67 North Drive,military
23-4518951,2,single,1400,8408 Anhalt Circle,military
41-8665631,9,married,1444,81996 Garrison Junction,military
16-6264196,7,divorced,1434,31069 Lawn Pass,disabled
55-4482285,8,single,1193,14 Morning Road,disabled
45-3085827,3,married,1677,16655 Farmco Point,military
36-9485390,1,single,1229,424 Onsgard Trail,military
08-6278134,2,divorced,1732,58 Oak Valley Alley,student
90-0372218,9,married,1011,65560 Sullivan Circle,senior
12-5836810,2,married,1058,0 Village Green Plaza,military
45-6515605,6,single,1632,6 Goodland Alley,military
80-9509274,8,married,1976,02625 Division Junction,student
65-6344658,7,married,1310,371 American Ash Way,senior
57-4386782,9,married,1150,72071 Vidon Plaza,disabled
57-4826225,7,divorced,1986,7 Summerview Way,student
93-4934025,10,single,1677,6 Alpine Avenue,senior
26-0656773,7,single,1595,279 Hallows Junction,disabled
81-9833279,10,single,1531,3866 Gina Junction,military
01-6744652,1,divorced,1356,400 Anderson Hill,student
61-0087207,8,married,1481,2712 Darwin Pass,student
29-0600766,9,married,1898,282 Paget Court,senior
33-8301082,6,single,1546,45919 Ridge Oak Junction,student
93-2690846,10,divorced,1789,09584 Lukken Point,senior
94-7424333,5,married,1973,7220 Kennedy Avenue,student
70-3921157,6,married,1788,29 Harbort Place,senior
58-5866236,7,divorced,1528,2 Roxbury Road,military
97-6155205,7,married,1791,32164 Ryan Junction,student
05-4755545,10,married,1701,614 Welch Court,senior
71-5014757,1,single,1799,96868 Shoshone Plaza,disabled
41-4707865,3,divorced,1021,62 Heffernan Junction,disabled
92-0112261,4,married,1715,9739 Mayfield Alley,student
34-0357382,9,single,1036,364 Delladonna Plaza,disabled
88-4472089,6,married,1517,9 Fairview Trail,military
69-9322948,2,single,1092,626 Northfield Center,student
26-2707113,7,married,1046,216 Lien Pass,senior
70-7148770,4,divorced,1618,47054 Hansons Center,military
61-7622952,2,single,1124,8 Hooker Lane,disabled
84-7592143,5,married,1918,49 Rockefeller Place,student
79-7116683,3,divorced,1343,730 Clove Parkway,disabled
54-6983262,4,single,1506,8 Lighthouse Bay Way,student
48-4855943,8,married,1961,32 Arkansas Way,senior
84-0820557,2,single,1997,88084 Tomscot Court,student
26-5740982,7,married,1050,9963 Novick Plaza,senior
35-2599625,1,single,1146,32031 Kennedy Point,senior
51-9693670,9,divorced,1001,8743 Ruskin Crossing,student
40-2032091,7,single,1106,1015 Linden Circle,senior
02-4658727,8,married,1548,1 Derek Alley,senior
63-7524407,6,single,1164,248 Fairview Lane,military
05-4080783,7,divorced,1681,6 Fieldstone Avenue,military
56-6725010,8,married,1508,0187 Gulseth Place,disabled
27-2513600,5,divorced,1958,6 Florence Terrace,military
89-2612976,3,single,1900,80223 Emmet Road,military
25-2067563,8,married,1015,3 Pleasure Trail,student
84-6820940,8,married,1846,564 Manitowish Hill,disabled
38-2341478,6,single,1993,7 Granby Place,military
40-0659143,4,divorced,1583,76 Steensland Circle,senior
37-8731118,4,married,1328,593 Pearson Pass,disabled
72-7595376,9,single,1673,918 Stephen Pass,military
70-7448034,9,single,1846,5553 Oak Valley Place,disabled
99-8156346,9,single,1270,25 Loftsgordon Plaza,disabled
27-6190874,6,married,1757,114 Welch Way,disabled
55-5535254,6,divorced,1083,6279 Truax Point,military
00-8240935,1,divorced,1775,45 International Park,student
28-7044150,4,single,1570,97 Crest Line Road,military
00-1937803,2,divorced,1278,7 Fremont Plaza,senior
10-3646469,10,divorced,1254,1 Raven Crossing,military
65-2662695,8,single,1409,720 Fordem Avenue,disabled
76-9678867,9,single,1739,41903 Namekagon Terrace,disabled
10-1925510,3,married,1607,6 Brown Parkway,military
51-9514123,7,married,1193,3 Summerview Trail,student
77-4575331,9,divorced,1731,1383 Dapin Point,student
95-0864065,8,married,1151,24 8th Road,senior
15-7805771,8,single,1900,16425 Roxbury Drive,senior
58-2026414,3,single,1787,451 Manitowish Alley,senior
55-1677930,2,married,1221,071 Forest Court,military
23-5571473,5,married,1118,9905 Pierstorff Park,senior
60-9146951,3,single,1425,917 School Place,military
54-0177330,5,divorced,1734,93 Grayhawk Plaza,senior
16-5605711,2,divorced,1288,9 Anderson Way,disabled
53-6788375,7,married,1818,3 Union Terrace,senior
88-6731907,1,married,1580,32343 Roth Place,disabled
88-7874807,5,single,1101,2 Novick Alley,military
51-0848275,2,married,1456,5808 Lawn Center,disabled
87-7448825,3,single,1198,24 Lukken Circle,disabled
24-8618244,2,married,1406,98081 Moose Crossing,military
38-9749144,6,single,1047,799 New Castle Center,disabled
02-9483955,3,divorced,1945,90 Annamark Place,military
05-2755450,6,single,1391,7 Di Loreto Terrace,disabled
74-7281430,1,single,1126,6599 Tennessee Terrace,disabled
61-1943667,5,divorced,1689,50 Reinke Park,disabled
47-1576640,6,single,1734,3919 Eagle Crest Avenue,disabled
28-2932567,5,married,1656,07 Bonner Point,military
75-9463887,7,married,1351,891 Red Cloud Park,military
15-5311960,6,divorced,1185,35 Hudson Point,student
04-7115815,6,married,1401,23789 Onsgard Plaza,senior
06-6802534,6,divorced,1370,31 Hauk Way,senior
90-0662617,9,single,1951,66165 Dakota Place,senior
53-0888508,3,divorced,1330,34757 Dorton Parkway,disabled
50-3963872,9,married,1563,5 Twin Pines Park,student
82-5296546,1,married,1085,86659 Merchant Circle,senior
34-1153752,2,single,1534,65264 Holy Cross Place,student
64-1248904,8,single,1793,58957 Green Terrace,disabled
80-8955646,1,single,1163,889 Lake View Lane,military
35-0774338,9,single,1111,7 Arrowood Street,senior
95-0809499,8,married,1543,0 Mayfield Plaza,senior
51-3957582,7,divorced,1322,025 Fulton Hill,senior
50-1902260,6,divorced,1455,563 Farwell Hill,senior
90-2009886,10,divorced,1637,4 Kim Hill,student
64-7128855,5,married,1769,52177 Cascade Drive,disabled
99-3010170,6,single,1067,24671 Dottie Park,student
01-7728043,4,married,1559,407 Colorado Terrace,student
20-4641171,4,married,1530,950 Old Gate Circle,senior
03-9357655,5,divorced,1328,98767 Waywood Way,student
34-0288575,7,divorced,1667,31053 Scoville Drive,senior
31-9664403,2,married,1310,7102 Annamark Plaza,senior
73-9510931,4,married,1689,6 Kinsman Avenue,disabled
36-6122079,10,single,1700,7505 Kipling Way,disabled
61-5086021,7,married,1665,099 Lakewood Junction,military
96-8747171,10,married,1395,07 Iowa Way,disabled
28-0710436,1,divorced,1840,49046 East Place,senior
13-1008919,1,divorced,1809,2660 Schlimgen Junction,student
77-0574686,8,married,1972,27 Evergreen Junction,military
50-2701885,1,divorced,1583,7368 Arizona Alley,senior
56-6238859,1,single,1448,5802 Independence Street,student
85-8204106,1,single,1421,8 Farmco Center,senior
23-1234471,7,divorced,1906,77 Green Circle,senior
72-7870832,4,single,1479,71 Cherokee Junction,senior
64-2970928,10,married,1574,562 Northwestern Way,disabled
64-1411336,10,married,1359,4 Karstens Point,senior
88-1445486,1,divorced,1311,0931 Randy Park,disabled
97-8705760,8,divorced,1236,21338 Golf View Lane,student
07-5425685,10,married,1985,92 Manitowish Road,student
82-2839005,1,divorced,1725,2 Center Plaza,military
74-1266139,10,single,1713,59119 Sugar Drive,disabled
41-4661402,7,married,1839,26202 Walton Plaza,student
93-2740497,7,single,1134,42904 Walton Court,senior
43-8821146,10,divorced,1958,58 Dixon Parkway,senior
59-3880956,2,divorced,1107,89 Manley Place,student
70-2517603,3,single,1434,6967 Dennis Road,student
05-3429597,9,single,1680,4990 Holmberg Point,student
55-7054558,1,married,1672,92834 Pennsylvania Point,military
39-0777922,9,divorced,1083,43 Charing Cross Trail,military
16-9706933,7,divorced,1276,1 Monica Point,military
76-9527601,5,single,1681,097 Shelley Court,military
27-0040431,10,divorced,1674,40323 Barby Street,military
02-4754632,4,single,1215,53 6th Terrace,disabled
06-2316077,8,married,1600,10 Oak Alley,student
18-3578141,4,married,1322,831 6th Crossing,student
56-0013623,4,divorced,1605,01 Brentwood Hill,student
20-1995049,4,divorced,1359,424 Sherman Center,disabled
22-1256258,4,divorced,1399,116 Kim Park,senior
71-0312241,1,divorced,1058,091 Steensland Avenue,student
36-3168191,6,single,1952,8655 Sullivan Circle,student
21-1550444,8,married,1479,9922 Derek Lane,student
74-8018924,4,single,1910,597 Marquette Alley,student
47-3645604,1,divorced,1587,1066 Canary Parkway,student
32-5563784,2,single,1479,9866 Delladonna Park,disabled
15-3654084,4,divorced,1850,2 Longview Pass,student
71-7453418,9,married,1574,74912 Toban Avenue,senior
16-7358819,4,married,1867,149 Brentwood Center,student
71-2654061,9,married,1950,668 Melvin Way,senior
63-0200701,6,single,1481,9679 Brickson Park Plaza,senior
95-5229345,5,divorced,1997,5480 Golf Course Parkway,military
37-6061453,6,single,1917,8 Shelley Circle,military
43-5359734,7,single,1964,8662 Hanover Plaza,student
81-8187380,1,divorced,1886,83232 Waubesa Trail,student
58-4274791,8,single,1746,16 Charing Cross Point,student
78-8117133,7,married,1894,49 Tomscot Court,disabled
55-8616474,2,married,1073,13 Elka Junction,student
10-0961831,6,divorced,1467,15 Southridge Place,student
22-6292794,6,divorced,1508,7473 Main Avenue,disabled
03-8359552,4,married,1375,28788 Mcguire Lane,senior
09-8564613,6,single,1560,39 Loftsgordon Street,student
04-6192842,7,married,1049,98846 Rusk Parkway,senior
20-9274107,2,single,1090,76 Darwin Hill,disabled
13-0842995,8,single,1856,013 Hayes Road,senior
43-6863472,4,married,1180,6 East Point,disabled
22-2914067,5,single,1097,788 Cascade Avenue,disabled
59-6863765,3,married,1157,141 Express Road,senior
66-9443460,8,divorced,1838,968 Twin Pines Parkway,disabled
51-0767605,5,single,1358,20 Westridge Hill,military
68-3525898,7,divorced,1382,55919 Scoville Street,senior
81-5006257,2,married,1498,507 Farwell Street,senior
22-4541730,5,married,1863,6220 Charing Cross Crossing,military
91-1925017,9,married,1517,3534 Meadow Valley Pass,military
92-9922532,6,married,1826,142 Eliot Circle,military
49-6083893,3,single,1924,551 Butterfield Park,military
34-4380042,2,divorced,1335,678 Autumn Leaf Point,military
58-3272859,3,single,1924,66 Arizona Crossing,senior
87-3375110,10,divorced,1028,92642 Fremont Point,senior
20-3074261,7,single,1795,23307 Anniversary Park,student
60-6896446,5,single,1889,39156 Harbort Point,student
41-3127363,7,divorced,1830,82753 Warner Parkway,student
43-3705547,9,single,1489,37 Del Sol Trail,disabled
22-7173419,2,divorced,1213,5124 Tennessee Pass,military
26-8459795,10,divorced,1882,5167 Swallow Terrace,senior
90-4283413,2,married,1845,95 Hollow Ridge Alley,student
95-9814791,7,divorced,1926,04015 Troy Alley,disabled
45-1505579,8,divorced,1376,466 Annamark Plaza,military
37-9176634,2,divorced,1567,7710 Fieldstone Way,military
96-8270567,9,single,1095,94774 Chinook Hill,disabled
58-3993908,7,single,1832,014 Hoard Place,military
60-1590772,1,married,1823,9833 Mcbride Road,disabled
62-1268306,10,divorced,1241,829 Farragut Drive,disabled
28-4938911,3,single,1945,56893 Park Meadow Lane,student
49-0518235,4,single,1910,058 Sugar Crossing,military
62-3847282,8,divorced,1543,4 Pearson Point,military
21-0354701,7,married,1031,5179 4th Lane,senior
11-9468919,5,single,1533,11861 West Center,military
43-7702581,2,married,1318,396 Hintze Point,senior
44-2927319,8,married,1132,934 Bellgrove Parkway,senior
42-0081400,8,single,1472,0621 Barby Avenue,military
08-9531056,6,married,1409,23 Waubesa Place,senior
96-3320319,6,divorced,1096,74209 4th Circle,military
48-7239893,9,divorced,1310,08690 Colorado Plaza,disabled
26-1465352,8,divorced,1620,3 Mifflin Alley,student
77-6345034,2,single,1067,3273 Manufacturers Avenue,senior
32-0320243,2,married,1128,40612 Sundown Center,student
55-9704319,10,married,1942,4548 Artisan Pass,senior
15-0824486,7,divorced,1910,156 Hallows Point,military
39-1138383,3,divorced,1380,5427 Havey Pass,senior
75-9669802,1,married,1212,3779 Glacier Hill Alley,disabled
58-4329336,8,married,1864,730 Golf View Place,military
79-1003996,4,divorced,1318,29 Rigney Crossing,military
43-8448236,7,single,1781,59 Sundown Circle,military
11-5522617,5,married,1369,71891 Clemons Alley,senior
53-0176751,8,divorced,1197,604 Anthes Way,student
19-2502009,9,divorced,1332,01165 Mandrake Center,disabled
99-6742326,2,married,1026,723 Debra Hill,disabled
23-5846330,2,single,1904,5 Gina Trail,military
06-1739510,8,divorced,1588,81 Southridge Junction,senior
60-7160125,4,married,1616,27707 Tennessee Terrace,disabled
91-5615262,6,married,1156,991 Mandrake Place,military
60-9533969,1,single,1544,75 Green Plaza,student
31-2032464,4,married,1989,81 Schlimgen Street,disabled
21-0149600,5,single,1722,1 Barby Drive,disabled
17-9868919,3,married,1584,657 Brown Alley,senior
98-4621606,7,married,1702,337 Hooker Lane,student
