1717,58-9733614,rejected
3031,89-5357386,rejected
4614,66-0633194,yes
3783,53-0770887,no
1361,00-9986063,no
2283,73-6038397,deciding
1756,72-3854694,no
1885,27-3835058,deciding
3933,76-8476362,no
3770,06-9824001,deciding
4126,06-1243513,no
3408,55-2826851,no
3760,27-7290025,rejected
1090,32-3943436,deciding
2089,92-5714289,no
4654,49-8588065,rejected
3649,00-1239606,no
1148,39-4971281,deciding
910,04-4071787,rejected
1912,47-2239367,yes
4555,43-0573257,yes
515,09-7581542,yes
3273,75-9457180,rejected
4535,35-0579967,rejected
638,88-0900368,rejected
4878,97-0149363,no
2370,18-2319266,deciding
543,79-4690780,rejected
4143,01-1179341,no
4009,53-0091729,deciding
1035,85-1812245,no
1736,72-1522418,rejected
386,40-5404385,rejected
2064,25-9923640,no
745,17-9749166,no
4929,87-2201029,deciding
1288,20-5483991,rejected
907,41-5305197,no
1693,56-4372259,no
3959,58-6294335,deciding
1265,74-0095174,yes
3920,80-7741487,deciding
3900,04-2098382,rejected
2116,11-2455434,no
438,20-9109800,yes
3667,62-1178203,no
1962,02-4601486,rejected
2144,05-1786098,no
3925,68-7903427,rejected
3199,63-9973765,deciding
289,73-2495100,no
842,36-7272676,no
2142,83-1744648,rejected
1180,13-2265145,rejected
529,41-2322149,no
1922,34-1222293,yes
1465,45-3003046,yes
3326,26-5102425,deciding
4355,06-0006498,deciding
2618,59-5407166,no
1023,51-1186168,yes
984,09-4990419,yes
4003,46-7993309,yes
3697,94-7134279,no
653,96-4096333,no
1230,30-7871788,no
2321,61-6779883,deciding
1439,91-7620480,no
2047,33-0546877,deciding
3046,26-9068874,yes
1631,24-4633560,rejected
3369,86-0197535,yes
3663,55-8381471,rejected
4219,02-2996723,rejected
3992,71-7534196,rejected
235,80-6506890,deciding
3304,90-5457229,yes
646,49-2904411,rejected
2862,72-1853874,deciding
4272,72-8157229,deciding
2999,80-4295403,rejected
1794,74-3808263,yes
404,50-2751504,no
440,94-6465120,no
3086,67-1629012,deciding
950,95-2534588,no
4266,91-4859985,yes
3835,24-5549128,yes
162,85-0393352,deciding
3901,40-3221681,yes
916,71-5048390,deciding
2894,38-7434064,no
3949,10-0345530,rejected
1260,44-7981907,rejected
2507,09-0811956,deciding
2690,45-3591441,yes
4629,64-8921977,rejected
4547,65-7521928,no
1542,79-8508848,no
687,11-5862431,yes
3993,94-3595206,no
4142,98-2943275,deciding
2032,27-8289994,no
3351,52-1862944,rejected
1512,19-1513814,rejected
678,79-2515189,rejected
535,87-8961654,rejected
1470,69-8422546,rejected
1862,03-1123570,no
3606,43-2045360,deciding
3471,41-5027788,yes
292,84-2527672,rejected
3305,18-7545657,yes
4238,07-9508472,yes
2382,31-4764399,yes
2945,07-2178477,yes
3333,77-2717545,yes
2521,29-3022853,rejected
2194,08-4603641,no
2073,01-6789676,no
2453,06-2331629,no
1857,54-5673556,yes
1765,02-5336995,deciding
3403,84-8885630,rejected
3321,79-4184586,yes
4471,77-8332110,yes
4719,79-5783921,yes
489,37-0497405,yes
1685,44-3205010,no
3020,47-2325232,no
4227,97-3973554,no
3837,65-7098291,deciding
3092,37-6406439,rejected
4150,25-3044656,yes
3802,55-0532620,yes
473,77-7352461,yes
3088,47-9952398,no
4626,27-7001744,no
2648,76-8317672,yes
1721,13-5539733,deciding
1475,14-8549013,no
3428,91-4611602,yes
1632,82-9278754,rejected
3035,33-9293620,rejected
4826,19-2355034,deciding
1791,45-8748306,deciding
3093,19-6642669,rejected
3182,02-1141477,yes
4417,22-4528616,deciding
4334,51-7247739,no
3399,03-4711435,yes
786,62-2052772,rejected
4326,74-6587411,rejected
3874,14-4712667,yes
2308,06-7748821,yes
3688,81-0541987,deciding
1170,20-1684736,deciding
1121,26-5636224,no
353,80-6799643,deciding
1157,84-3720138,no
349,01-7104787,no
1880,99-6749117,rejected
3373,78-5930070,no
2702,33-3196867,no
142,91-7072106,no
4772,64-0160464,yes
4008,93-6456753,rejected
1759,84-8922619,deciding
3158,65-5026437,yes
4362,44-2243525,yes
2089,89-6648509,rejected
1362,83-5160613,no
999,11-4918886,no
4791,48-0121967,yes
3089,65-6679159,rejected
677,89-7597837,rejected
295,79-0021294,yes
294,36-0781398,no
2950,27-2508387,yes
4484,26-7145679,rejected
2788,67-5995278,yes
581,41-9121204,rejected
3883,06-3527027,yes
1761,53-6597851,rejected
319,64-2697691,rejected
4727,51-2817230,yes
3575,43-6897411,yes
848,95-5019974,rejected
3142,74-7826072,deciding
4150,94-0012204,no
2775,23-6586565,yes
3940,33-8995146,yes
2269,82-9625232,yes
2869,65-3091864,rejected
776,03-1954189,no
1317,07-5358240,no
4528,15-8431956,rejected
1032,26-6208861,yes
4391,59-4427131,rejected
3940,91-3707196,deciding
4256,68-3464343,no
356,23-0641935,deciding
3149,87-7237678,yes
2451,51-2013633,yes
2740,99-1486025,no
970,41-4083612,yes
2724,57-7212728,rejected
2595,66-8552462,yes
4986,68-0801390,yes
4905,07-8449188,deciding
3443,64-8522914,no
3273,80-0196531,deciding
1728,70-4419839,yes
3571,64-0963212,no
3265,86-0529150,no
495,01-9656471,no
3733,88-2698640,yes
2881,97-7903973,rejected
4508,28-5709954,rejected
4277,91-8430353,no
3429,62-3745830,no
3493,01-5207040,yes
3627,16-7066119,no
822,79-8438403,rejected
3286,73-7680445,yes
3167,12-5878524,yes
1103,31-8108661,rejected
4734,19-9131117,rejected
1573,94-9315759,deciding
4791,67-3168204,yes
120,34-4517423,yes
3949,28-1323207,no
2436,34-3206423,no
2900,97-7499012,no
2202,57-6439705,deciding
1800,55-6997565,no
2991,71-4389530,no
3095,30-2066611,no
973,19-0056397,no
3420,13-3493993,deciding
1207,77-8258352,rejected
4526,01-3427914,rejected
1590,18-8144531,yes
4709,03-8818713,no
1214,88-1434796,deciding
3020,70-1396397,no
3441,41-6138224,yes
1132,52-5884456,rejected
1698,84-3968823,no
1068,43-2552187,yes
4888,68-3015945,no
1871,62-1635915,deciding
325,76-9557671,yes
1343,17-2710136,no
1851,24-0399079,deciding
3310,35-3000491,deciding
4726,41-0745260,yes
4352,92-5989660,rejected
1263,40-9634625,no
1443,60-2343276,no
1203,71-6335495,deciding
3653,24-4113978,deciding
4866,77-3859405,rejected
1047,91-7886128,no
1944,62-3743588,rejected
794,25-1662172,deciding
3098,39-9167115,deciding
1733,28-3271108,deciding
103,51-5694460,deciding
3062,65-6762665,no
181,91-1686906,yes
4473,89-0294610,no
1012,85-8829429,rejected
4182,50-8121153,yes
4135,74-9944143,no
2751,37-7403932,deciding
260,77-7004016,rejected
1182,60-6403030,rejected
708,10-1333205,yes
1219,59-5493700,rejected
1198,55-3614681,no
2121,40-5464360,deciding
4552,31-5001530,deciding
2729,83-4644154,yes
2053,13-0977494,no
1670,72-4330104,no
4657,68-9629907,no
622,56-7035593,yes
1009,14-7424179,deciding
4795,43-5719294,deciding
444,96-9413816,yes
2342,70-8304161,deciding
415,64-7747970,no
3479,00-2303603,no
418,22-4697713,no
3462,16-1276319,rejected
2839,92-5584675,rejected
1785,72-2979700,rejected
2788,35-9074004,rejected
4171,46-7808153,yes
372,48-7748857,rejected
1098,53-2456681,yes
2331,49-8684141,deciding
1480,04-3302383,no
2957,14-9093009,deciding
1719,44-0720777,deciding
3930,98-3389554,no
2258,17-4460679,rejected
1745,12-0973493,yes
3028,89-9587704,rejected
722,80-0797140,yes
3617,22-5759838,deciding
361,87-6620620,yes
3760,99-1271496,rejected
3625,04-0944888,deciding
2210,68-3036608,yes
2095,69-6085558,yes
3200,68-8359193,yes
887,81-1248802,yes
2502,07-8469557,yes
4755,86-4653160,rejected
1334,04-7036458,rejected
2585,26-6128958,yes
4937,50-4881917,no
4489,95-2550622,deciding
126,87-6287521,no
3907,97-8749009,deciding
3367,82-0107857,deciding
4287,47-4007197,rejected
2010,34-0307705,rejected
726,29-6564534,no
4107,49-2384291,rejected
2649,99-0670899,deciding
3382,29-4514111,deciding
2855,14-0607778,deciding
3024,36-3874721,rejected
1984,96-9649771,no
2529,89-3841515,yes
2803,66-1265109,deciding
715,77-0195776,yes
2283,44-0327677,no
2630,68-9238856,no
3238,52-1169637,deciding
2748,04-6865043,deciding
3621,06-2587188,rejected
491,15-8898498,yes
578,27-6028823,no
3032,82-9232377,deciding
2239,11-0946863,no
3116,61-9127684,rejected
4916,83-3160872,no
2928,95-1791782,no
184,80-1265300,no
1676,70-1465131,yes
3052,62-5630182,yes
185,40-4277082,deciding
1795,73-2249194,no
1265,48-2195125,no
1639,57-7686007,yes
143,96-3637950,deciding
4989,43-9180095,yes
3551,25-1741809,deciding
1648,62-0672692,deciding
182,24-4349287,rejected
2331,64-5946768,yes
4032,68-5602519,rejected
4229,88-5254881,rejected
4090,87-4259762,yes
1370,37-0873547,rejected
1818,35-3685132,no
3081,38-7234278,yes
393,49-3399394,yes
4825,90-7721123,deciding
4087,87-3285288,no
310,66-2799599,yes
1819,26-6932308,yes
725,67-6394513,rejected
613,94-1618280,yes
1271,95-3931474,deciding
244,92-3017767,deciding
2980,02-2490270,rejected
683,91-4511460,yes
1449,16-6219451,deciding
4253,45-1118636,rejected
2772,02-8107440,no
1931,89-3632383,yes
1369,29-8499594,yes
433,88-1934826,yes
4748,05-5525563,deciding
739,34-1764907,rejected
4808,39-6846300,deciding
421,37-3965628,deciding
1509,55-3493785,yes
2311,36-3325433,yes
1037,88-8041480,no
3559,66-9375486,yes
4765,76-3684455,rejected
4195,77-0561382,rejected
1613,84-0791611,deciding
2844,31-7733153,no
1260,04-1155165,rejected
1942,84-4588216,no
3949,27-6752746,rejected
2487,40-5371288,no
1441,13-0859849,no
4565,74-6133275,yes
2978,90-7729000,rejected
4932,52-0880121,deciding
3318,83-0415823,deciding
1920,40-7624986,deciding
3542,86-3959552,no
802,75-5134751,no
3443,01-3694361,deciding
3415,99-3620726,no
1345,12-1762008,deciding
298,41-6924109,deciding
3975,10-3586231,rejected
3816,56-0685853,rejected
305,99-5130569,deciding
4239,82-6427999,deciding
4548,06-3132799,deciding
918,36-4740293,no
3640,62-7324416,deciding
251,77-6436430,rejected
2221,29-4836606,yes
587,93-0658675,yes
952,85-1437300,no
2030,41-5686455,rejected
847,89-4545149,rejected
1568,14-0090795,rejected
3061,19-8487487,rejected
2716,02-9853534,deciding
4042,02-0032601,deciding
2486,83-1866544,rejected
1194,01-3407629,yes
495,10-8249884,yes
1827,67-6319177,no
581,71-2552359,yes
2373,10-8579735,rejected
4988,46-7818133,deciding
1293,46-4474362,yes
2739,27-9524027,deciding
2929,17-1002284,no
2096,45-4463465,rejected
146,77-5703131,yes
749,07-1964801,deciding
789,08-3193008,rejected
2629,51-8395321,no
346,20-2030566,yes
3210,27-8450703,no
3483,58-8221310,yes
4463,52-9312091,yes
3513,65-5439392,yes
1755,76-0309350,no
2703,99-5950444,yes
1350,33-5994458,rejected
4832,83-0377393,no
1398,81-6144218,no
4048,99-2892433,deciding
4814,65-1523139,deciding
3881,38-7962639,yes
3475,39-5437165,rejected
4471,90-1419357,no
3574,31-9847333,no
4484,94-0236123,no
2860,18-6285719,yes
2541,25-3656859,no
1265,76-7356957,no
474,59-9210304,rejected
1996,59-5954234,yes
527,44-7744997,no
3159,04-7064083,deciding
1693,75-8602460,no
3477,76-3956782,rejected
2569,60-3255572,deciding
484,20-5017861,no
3802,81-9364230,yes
4895,01-7096038,rejected
3105,57-5455506,rejected
1399,61-2253649,yes
386,66-5169875,yes
2326,95-5228356,yes
1600,79-2419589,rejected
1913,56-4126446,deciding
1023,51-8394160,yes
1752,23-0926551,yes
1878,89-9170870,yes
2018,98-6242829,rejected
4994,94-7962960,yes
3561,95-0473435,rejected
2503,33-8308075,rejected
445,33-6643205,no
3463,12-9711026,deciding
4239,87-8475574,deciding
3711,38-4265616,yes
1558,12-3499948,no
3138,01-9874581,yes
3943,29-4068713,rejected
3532,71-6425917,yes
4780,35-0348632,deciding
3407,84-9346918,rejected
898,43-3650075,deciding
4809,40-5483088,yes
237,50-5870845,yes
2010,56-8199738,yes
2569,71-2811927,deciding
645,20-1701992,rejected
596,82-4970450,no
1958,12-5068120,yes
1908,59-2113129,deciding
1961,07-4396386,rejected
619,90-2627801,rejected
3661,16-6859684,yes
382,56-3485932,deciding
3852,34-3413337,deciding
4809,91-2298229,rejected
3867,30-3010348,no
3804,06-1788713,yes
3027,82-9518187,deciding
1874,52-3659965,deciding
2655,96-8745607,no
3146,19-3016378,deciding
1886,47-0610796,yes
921,02-6408678,no
4585,71-2906795,rejected
4446,25-5161766,rejected
3641,73-6283874,yes
443,43-1347448,yes
737,98-0874084,yes
1170,46-1147085,no
4287,28-2122318,yes
4962,34-1528051,deciding
3976,58-6161117,no
273,94-3637254,deciding
4984,26-1650958,yes
1880,36-2467745,rejected
3776,34-8664637,deciding
3436,44-5657185,rejected
2728,07-1149674,yes
2393,76-9246747,no
4851,42-9325563,yes
799,26-6166402,deciding
742,69-1526482,no
3792,03-1087233,yes
2319,82-2287338,no
1017,78-8987477,yes
1463,17-1396566,yes
2411,89-5678324,no
4909,32-8058696,rejected
4305,37-5077094,deciding
3304,77-6306648,yes
1485,78-0585912,rejected
3294,45-2052549,deciding
4809,21-5037727,rejected
4679,30-0219182,deciding
1716,50-3212362,deciding
3758,98-2409585,rejected
743,15-1714903,rejected
3280,86-2133663,yes
1374,17-9060732,rejected
3094,93-0538688,deciding
195,59-7517012,yes
4526,56-5325346,rejected
3324,90-2917940,deciding
3143,53-3774001,deciding
1922,36-3253369,rejected
2717,92-4353113,rejected
4307,90-1376654,no
573,65-5965359,rejected
138,00-1655054,no
387,27-7171121,rejected
4377,64-4728663,no
1644,24-0002814,no
1125,78-1630752,deciding
1562,26-3083976,rejected
1012,52-8176685,no
3769,34-4300589,deciding
1137,48-2761426,yes
1179,63-0507647,deciding
1743,69-0210249,yes
3556,32-1725646,no
543,27-5432860,no
3849,22-2663220,deciding
2264,96-9920131,yes
3807,60-6289583,deciding
2824,91-3196383,yes
3153,96-1390876,no
3447,04-6477315,deciding
4816,54-4877982,deciding
4347,92-8031308,yes
3898,82-9884415,yes
4376,69-9741753,deciding
3627,64-6239842,yes
984,28-7255439,yes
3430,27-0671045,yes
1769,67-4467504,rejected
4863,67-9522482,rejected
4737,09-5604539,no
4097,95-5838401,deciding
1047,64-1781334,deciding
230,79-9530451,yes
4426,61-8941044,yes
3563,88-9647144,rejected
2217,29-6092099,deciding
1458,85-3247112,no
788,66-5832404,rejected
2868,28-4207956,deciding
976,30-4897703,no
3428,75-4248798,no
4325,48-2023688,no
2308,84-6340129,no
560,85-8776438,yes
4764,38-4055886,no
471,18-3525902,yes
1292,65-5530607,yes
4331,02-4954972,no
2464,14-0084776,no
4144,73-0169051,yes
1609,27-2527321,rejected
3747,23-1071477,deciding
4287,71-5284006,yes
1243,04-6843924,no
4098,33-5818738,deciding
901,29-8723631,no
516,56-0447635,rejected
3635,44-5828425,deciding
3718,71-9426262,deciding
2282,65-5903938,no
1125,81-5429225,deciding
2080,46-8584697,deciding
1370,96-0307698,rejected
1304,25-5386977,no
1647,78-0188176,rejected
1147,83-4221074,no
1869,16-0944607,deciding
1650,19-3415984,no
168,31-1856162,yes
433,46-1137304,rejected
408,03-6769059,no
4652,81-6119829,rejected
343,64-2655893,no
314,86-9253082,yes
1309,28-3741601,yes
2314,17-5441304,deciding
2840,48-4749839,yes
510,63-1124901,no
3836,00-6603741,no
2151,77-7190736,yes
3472,17-9152054,no
3620,26-8413845,deciding
2531,62-7888870,no
3505,16-5590637,no
2799,68-3420340,no
3741,22-6097055,rejected
4558,50-1672246,no
2305,12-5684742,rejected
2417,63-4855291,deciding
2970,00-3728434,no
328,23-8881875,deciding
2280,90-6581655,yes
2354,65-5099908,deciding
853,89-3361692,yes
3977,86-2083521,yes
4489,04-5449337,deciding
1390,74-0219598,no
3402,25-0168938,deciding
1976,18-5232469,deciding
999,01-2756113,no
4445,80-0394476,no
2951,49-6361480,deciding
3360,01-3690639,deciding
2249,41-6441841,deciding
3487,27-7145029,yes
1677,30-3076985,deciding
2245,88-5296342,yes
2703,32-4312476,rejected
3352,36-1014303,no
779,52-9419907,deciding
105,08-3728833,no
3366,26-9020618,rejected
4783,12-8265771,rejected
4855,49-2036626,deciding
3102,10-6378173,yes
165,89-6946072,yes
4646,60-6253600,yes
718,11-0191083,yes
4945,33-8494565,yes
580,27-3835058,deciding
3409,73-1208805,no
1492,06-8960708,rejected
124,50-0242292,no
3800,82-5332111,no
755,72-1676845,no
715,05-8762411,rejected
2816,81-8397978,no
2268,90-2698957,deciding
1778,75-5690607,yes
4032,25-4630167,deciding
701,79-9084806,rejected
321,95-8955845,rejected
894,64-6568656,yes
3614,68-5880296,no
4011,06-7862016,rejected
1284,94-3144113,deciding
244,30-3096941,yes
431,93-4751022,yes
3173,35-3218960,no
1365,12-1362488,yes
3874,19-5046281,deciding
4687,09-9216094,deciding
349,71-6863381,deciding
103,11-9135812,yes
3140,05-2448292,deciding
3749,13-0921037,rejected
2866,85-8259198,no
4118,54-1481400,no
3679,80-8541933,deciding
734,54-8284435,deciding
218,47-0814249,no
3145,23-9960601,no
3545,19-4124725,rejected
2521,23-6954006,no
2073,09-9316827,deciding
4751,04-9899565,rejected
3103,26-9158489,deciding
3396,04-9699790,rejected
227,42-0689746,yes
451,61-2360924,deciding
252,86-6914813,yes
3995,20-1493314,no
1253,71-9012363,yes
1469,93-9083159,yes
4304,42-5210055,deciding
2597,84-7004961,no
3752,07-0234140,deciding
4498,02-3734669,yes
1140,06-6879317,yes
740,04-7034833,deciding
2292,62-0941518,rejected
3607,87-9926782,deciding
282,06-8259094,no
3178,07-1325729,no
2470,49-9598379,rejected
1686,86-2765036,rejected
564,87-7541495,yes
1057,59-8341573,yes
2549,35-4306128,yes
925,05-2746396,no
1382,78-8136240,no
3477,52-8531475,deciding
2420,28-3353172,deciding
3695,14-0788430,rejected
275,24-1309116,yes
2271,75-2233742,deciding
4822,80-0253177,rejected
1609,12-3717336,rejected
1473,27-8566509,rejected
3770,78-9673137,no
2026,63-1700965,deciding
2593,31-9140523,no
1150,95-4585240,rejected
963,69-5366849,no
4676,00-9416491,deciding
2718,85-1925887,deciding
3950,83-0323731,deciding
3482,35-2528191,no
3762,03-9997858,no
4320,16-9602061,rejected
3335,39-4209344,deciding
1163,77-8583672,deciding
2592,39-5867290,deciding
997,89-2743620,deciding
770,54-3358128,deciding
4840,88-8996620,yes
2099,07-4242766,rejected
2922,40-7524464,yes
1548,09-3791712,no
1493,35-7658014,no
136,22-0325268,rejected
2543,83-6032492,rejected
4672,20-4168372,deciding
4310,17-5639886,yes
3179,01-2176790,no
629,10-9104845,deciding
2118,79-1613170,deciding
1091,95-1595354,rejected
4701,67-4524550,no
3842,64-3381963,yes
3633,30-8490700,yes
3160,78-7229335,rejected
233,91-4558032,no
2798,57-2312019,yes
3915,09-4123168,rejected
3323,49-9640736,yes
3839,47-4367527,rejected
1382,03-2206430,deciding
4905,71-3098680,rejected
3834,25-1660430,no
1348,90-8791424,yes
844,53-3237826,yes
3257,81-5886558,yes
2507,88-9188137,no
4677,76-7881413,no
4229,26-3076730,rejected
2938,46-6994862,yes
2206,99-9534629,deciding
546,01-9258252,deciding
802,54-6454473,deciding
4603,44-4942762,no
2957,97-3624202,rejected
2277,03-0067299,yes
4326,03-2327934,yes
1975,50-0112147,deciding
1661,69-2620278,rejected
3887,68-1585201,deciding
3633,17-5487197,deciding
1101,03-1953335,yes
4561,18-2709916,rejected
170,76-5039186,deciding
1246,47-3282604,deciding
1694,89-7851303,rejected
1224,22-6482175,no
1616,04-4217851,rejected
3803,03-3799282,no
3000,75-5231880,rejected
4690,11-5141063,yes
1054,43-9426836,deciding
3395,31-5901555,yes
2039,66-9017268,no
4476,29-1592743,deciding
1459,86-6091484,yes
643,57-3763927,yes
844,69-3319587,deciding
360,12-6101963,no
660,63-3050860,yes
2538,64-1235267,rejected
799,62-6786579,deciding
4586,75-7915840,deciding
2712,74-7028492,rejected
4966,59-1435894,deciding
4788,79-4168742,deciding
4141,08-5818612,rejected
4139,53-5724245,yes
3085,49-9927079,yes
1455,85-2446559,rejected
2292,92-9842085,rejected
3249,75-2329255,deciding
2878,56-3360852,no
3889,37-7681903,yes
2278,81-7497214,deciding
2055,03-7623153,yes
3388,98-1716922,yes
1334,53-3068529,yes
3026,00-8044861,deciding
1082,78-1802454,no
386,89-2808974,rejected
3570,65-2070506,yes
505,75-7952897,no
2151,79-0752740,rejected
3184,22-5420248,deciding
722,27-1363087,rejected
2647,52-5213782,rejected
3392,93-5494233,rejected
3706,56-5290958,yes
4578,31-0566106,yes
3483,53-7951084,rejected
3939,93-6324121,no
1655,87-4262748,deciding
2177,52-1693904,no
4834,44-3915123,yes
1117,89-4805394,yes
2521,53-4005916,rejected
730,62-4195947,no
2528,65-5843122,no
1681,85-8907400,deciding
1069,74-3831982,no
1099,19-7996583,rejected
2072,97-6938743,rejected
4413,84-4805457,yes
2378,89-8487567,no
389,13-5089846,no
919,23-4371817,rejected
3305,90-0422020,deciding
1177,54-8946921,rejected
3796,14-1087010,no
792,87-9746042,rejected
4453,70-9240999,no
2422,36-5066333,deciding
474,21-3449628,deciding
4640,20-9432588,yes
2266,29-4733573,yes
1599,37-4418790,deciding
4002,43-3196328,deciding
3134,59-8485079,no
3917,20-5156354,rejected
2794,74-8615095,no
1088,11-3782261,rejected
2938,68-7699733,deciding
4258,55-8970012,rejected
1968,19-7242325,deciding
612,71-6000601,rejected
1940,52-9752101,yes
106,32-6796352,yes
4958,71-9848567,rejected
3752,46-2279227,yes
1954,44-2442585,no
824,11-6586070,yes
4352,54-4288891,deciding
727,46-2167610,no
4190,93-9855755,rejected
1708,51-7412495,yes
4657,98-4197799,deciding
3539,98-4646310,rejected
3760,83-7953158,rejected
3063,25-9991369,deciding
1056,30-6382049,rejected
3715,83-4659576,deciding
2148,68-2287526,no
2120,99-0981899,yes
2066,40-7785402,no
2014,60-6745071,no
1786,36-3765351,deciding
3347,65-6983053,no
1073,82-0525273,no
1585,87-2775013,deciding
4407,76-5314336,rejected
3928,04-7371614,no
2845,87-2229270,yes
1793,00-7261368,yes
2744,76-9359820,rejected
3009,74-2596103,deciding
3548,97-7760225,yes
477,48-8433995,yes
4444,83-1166731,no
3088,08-0573470,rejected
2169,63-3701176,rejected
4416,11-0329470,yes
4304,29-1026254,rejected
3729,42-4915085,deciding
4246,58-2677226,deciding
4986,70-9167124,rejected
496,26-1540686,deciding
3924,92-1333087,yes
655,75-0421855,yes
4988,26-5756492,deciding
235,19-4145556,yes
2703,24-9102961,no
3733,24-9068121,deciding
1832,43-6016325,rejected
428,21-9658220,rejected
4028,61-1715337,deciding
1381,91-0008965,rejected
2707,34-2424301,rejected
1410,23-1426305,rejected
4939,38-6918471,no
2702,36-6772897,deciding
4228,25-7648431,rejected
611,80-5021997,rejected
4275,18-1941534,deciding
4172,55-2165376,yes
3466,19-9991536,no
4390,35-9641879,no
941,28-3090288,yes
443,67-7040573,no
3982,71-5949682,deciding
2375,86-2408248,rejected
3346,61-9364418,yes
4770,75-0189656,yes
4093,50-4484397,yes
2688,91-6378569,yes
1460,33-2159456,rejected
3006,91-7390046,no
3489,32-6466194,no
4166,96-1727393,deciding
2255,07-7400795,rejected
463,20-7983602,rejected
4769,69-3498039,no
252,22-9346060,yes
201,21-3229122,deciding
4204,22-7382437,no
1285,07-9603926,no
3425,93-1394087,rejected
2620,96-3896036,yes
3155,07-9465522,deciding
1632,79-9031017,deciding
765,53-8495391,yes
106,37-7522723,deciding
2108,56-9904811,yes
4320,48-8399488,rejected
4268,56-0277870,yes
1623,10-4419072,no
3376,69-5379445,rejected
2831,12-8807452,deciding
1596,28-7533602,no
2811,54-7613985,yes
3097,34-7889679,yes
4502,69-2975256,no
1170,60-1582892,yes
4749,58-6750829,deciding
894,26-2399084,no
